timestamp,timestamp_sample,lat,lon,alt,alt_ellipsoid,delta_alt,eph,epv,terrain_alt,lat_lon_reset_counter,alt_reset_counter,terrain_alt_valid,dead_reckoning
126712000,0,37.4135339,-121.996561,1.315,0.0,0.0,0.0,0.0,0.0,0,0,0,0
126716000,0,37.4135339,-121.996561,1.315,0.0,0.0,0.0,0.0,0.0,0,0,0,0
126812000,0,37.4135339,-121.996561,1.315,0.0,0.0,0.0,0.0,0.0,0,0,0,0
126912000,0,37.4135339,-121.996561,1.315,0.0,0.0,0.0,0.0,0.0,0,0,0,0
127012000,0,37.4135339,-121.996561,1.315,0.0,0.0,0.0,0.0,0.0,0,0,0,0
127112000,0,37.4135339,-121.996561,1.315,0.0,0.0,0.0,0.0,0.0,0,0,0,0
127212000,0,37.4135339,-121.996561,1.315,0.0,0.0,0.0,0.0,0.0,0,0,0,0
127312000,0,37.4135339,-121.996561,1.315,0.0,0.0,0.0,0.0,0.0,0,0,0,0
127412000,0,37.4135339,-121.996561,1.315,0.0,0.0,0.0,0.0,0.0,0,0,0,0
127512000,0,37.4135339,-121.996561,1.315,0.0,0.0,0.0,0.0,0.0,0,0,0,0
127612000,0,37.4135339,-121.996561,1.315,0.0,0.0,0.0,0.0,0.0,0,0,0,0
127712000,0,37.4135339,-121.996561,1.315,0.0,0.0,0.0,0.0,0.0,0,0,0,0
127812000,0,37.4135339,-121.996561,1.315,0.0,0.0,0.0,0.0,0.0,0,0,0,0
127912000,0,37.4135339,-121.996561,1.315,0.0,0.0,0.0,0.0,0.0,0,0,0,0
128012000,0,37.4135339,-121.996561,1.315,0.0,0.0,0.0,0.0,0.0,0,0,0,0
128112000,0,37.4135339,-121.996561,1.315,0.0,0.0,0.0,0.0,0.0,0,0,0,0
128212000,0,37.4135339,-121.996561,1.315,0.0,0.0,0.0,0.0,0.0,0,0,0,0
128312000,0,37.4135339,-121.996561,1.315,0.0,0.0,0.0,0.0,0.0,0,0,0,0
128412000,0,37.4135339,-121.996561,1.315,0.0,0.0,0.0,0.0,0.0,0,0,0,0
128512000,0,37.4135339,-121.996561,1.315,0.0,0.0,0.0,0.0,0.0,0,0,0,0
128612000,0,37.4135339,-121.996561,1.315,0.0,0.0,0.0,0.0,0.0,0,0,0,0
128712000,0,37.4135339,-121.996561,1.315,0.0,0.0,0.0,0.0,0.0,0,0,0,0
128812000,0,37.4135339,-121.996561,1.315,0.0,0.0,0.0,0.0,0.0,0,0,0,0
128912000,0,37.4135339,-121.996561,1.315,0.0,0.0,0.0,0.0,0.0,0,0,0,0
129012000,0,37.4135339,-121.996561,1.315,0.0,0.0,0.0,0.0,0.0,0,0,0,0
129112000,0,37.4135339,-121.996561,1.315,0.0,0.0,0.0,0.0,0.0,0,0,0,0
129212000,0,37.4135339,-121.996561,1.315,0.0,0.0,0.0,0.0,0.0,0,0,0,0
129312000,0,37.4135339,-121.996561,1.315,0.0,0.0,0.0,0.0,0.0,0,0,0,0
129412000,0,37.4135339,-121.996561,1.315,0.0,0.0,0.0,0.0,0.0,0,0,0,0
129512000,0,37.4135339,-121.996561,1.315,0.0,0.0,0.0,0.0,0.0,0,0,0,0
129612000,0,37.4135339,-121.996561,1.315,0.0,0.0,0.0,0.0,0.0,0,0,0,0
129712000,0,37.4135339,-121.996561,1.315,0.0,0.0,0.0,0.0,0.0,0,0,0,0
129812000,0,37.4135339,-121.996561,1.315,0.0,0.0,0.0,0.0,0.0,0,0,0,0
129912000,0,37.4135339,-121.996561,1.315,0.0,0.0,0.0,0.0,0.0,0,0,0,0
130012000,0,37.4135339,-121.996561,1.315,0.0,0.0,0.0,0.0,0.0,0,0,0,0
130112000,0,37.4135339,-121.996561,1.315,0.0,0.0,0.0,0.0,0.0,0,0,0,0
130212000,0,37.4135339,-121.996561,1.315,0.0,0.0,0.0,0.0,0.0,0,0,0,0
130312000,0,37.4135339,-121.996561,1.315,0.0,0.0,0.0,0.0,0.0,0,0,0,0
130412000,0,37.4135339,-121.996561,1.315,0.0,0.0,0.0,0.0,0.0,0,0,0,0
130512000,0,37.4135339,-121.996561,1.315,0.0,0.0,0.0,0.0,0.0,0,0,0,0
130612000,0,37.4135339,-121.996561,1.315,0.0,0.0,0.0,0.0,0.0,0,0,0,0
130712000,0,37.4135339,-121.996561,1.315,0.0,0.0,0.0,0.0,0.0,0,0,0,0
130812000,0,37.4135339,-121.996561,1.315,0.0,0.0,0.0,0.0,0.0,0,0,0,0
130912000,0,37.4135339,-121.996561,1.315,0.0,0.0,0.0,0.0,0.0,0,0,0,0
131012000,0,37.4135339,-121.996561,1.315,0.0,0.0,0.0,0.0,0.0,0,0,0,0
131112000,0,37.4135339,-121.996561,1.315,0.0,0.0,0.0,0.0,0.0,0,0,0,0
131212000,0,37.4135339,-121.996561,1.315,0.0,0.0,0.0,0.0,0.0,0,0,0,0
131312000,0,37.4135339,-121.996561,1.315,0.0,0.0,0.0,0.0,0.0,0,0,0,0
131412000,0,37.4135339,-121.996561,1.315,0.0,0.0,0.0,0.0,0.0,0,0,0,0
131512000,0,37.4135339,-121.996561,1.315,0.0,0.0,0.0,0.0,0.0,0,0,0,0
131612000,0,37.4135339,-121.996561,1.315,0.0,0.0,0.0,0.0,0.0,0,0,0,0
131712000,0,37.4135339,-121.996561,1.315,0.0,0.0,0.0,0.0,0.0,0,0,0,0
131812000,0,37.4135339,-121.996561,1.315,0.0,0.0,0.0,0.0,0.0,0,0,0,0
131912000,0,37.4135339,-121.996561,1.315,0.0,0.0,0.0,0.0,0.0,0,0,0,0
132012000,0,37.4135339,-121.996561,1.315,0.0,0.0,0.0,0.0,0.0,0,0,0,0
132112000,0,37.4135339,-121.996561,1.315,0.0,0.0,0.0,0.0,0.0,0,0,0,0
132212000,0,37.4135339,-121.996561,1.315,0.0,0.0,0.0,0.0,0.0,0,0,0,0
132312000,0,37.4135339,-121.996561,1.315,0.0,0.0,0.0,0.0,0.0,0,0,0,0
132412000,0,37.4135339,-121.996561,1.315,0.0,0.0,0.0,0.0,0.0,0,0,0,0
132512000,0,37.4135339,-121.996561,1.315,0.0,0.0,0.0,0.0,0.0,0,0,0,0
132612000,0,37.4135339,-121.996561,1.315,0.0,0.0,0.0,0.0,0.0,0,0,0,0
132712000,0,37.4135339,-121.996561,1.315,0.0,0.0,0.0,0.0,0.0,0,0,0,0
132812000,0,37.4135339,-121.996561,1.315,0.0,0.0,0.0,0.0,0.0,0,0,0,0
132912000,0,37.4135339,-121.996561,1.315,0.0,0.0,0.0,0.0,0.0,0,0,0,0
133012000,0,37.4135339,-121.996561,1.315,0.0,0.0,0.0,0.0,0.0,0,0,0,0
133112000,0,37.4135339,-121.996561,1.315,0.0,0.0,0.0,0.0,0.0,0,0,0,0
133212000,0,37.4135339,-121.996561,1.315,0.0,0.0,0.0,0.0,0.0,0,0,0,0
133312000,0,37.4135339,-121.996561,1.315,0.0,0.0,0.0,0.0,0.0,0,0,0,0
133412000,0,37.4135339,-121.996561,1.315,0.0,0.0,0.0,0.0,0.0,0,0,0,0
133512000,0,37.4135339,-121.996561,1.315,0.0,0.0,0.0,0.0,0.0,0,0,0,0
133612000,0,37.4135339,-121.996561,1.315,0.0,0.0,0.0,0.0,0.0,0,0,0,0
133712000,0,37.4135339,-121.996561,1.315,0.0,0.0,0.0,0.0,0.0,0,0,0,0
133812000,0,37.4135339,-121.996561,1.315,0.0,0.0,0.0,0.0,0.0,0,0,0,0
133912000,0,37.4135339,-121.996561,1.315,0.0,0.0,0.0,0.0,0.0,0,0,0,0
134012000,0,37.4135339,-121.996561,1.315,0.0,0.0,0.0,0.0,0.0,0,0,0,0
134112000,0,37.4135339,-121.996561,1.315,0.0,0.0,0.0,0.0,0.0,0,0,0,0
134212000,0,37.4135339,-121.996561,1.315,0.0,0.0,0.0,0.0,0.0,0,0,0,0
134312000,0,37.4135339,-121.996561,1.315,0.0,0.0,0.0,0.0,0.0,0,0,0,0
134412000,0,37.4135339,-121.996561,1.315,0.0,0.0,0.0,0.0,0.0,0,0,0,0
134512000,0,37.4135339,-121.99656089999999,1.315,0.0,0.0,0.0,0.0,0.0,0,0,0,0
134612000,0,37.4135339,-121.99656089999999,1.315,0.0,0.0,0.0,0.0,0.0,0,0,0,0
134712000,0,37.4135339,-121.99656089999999,1.315,0.0,0.0,0.0,0.0,0.0,0,0,0,0
134812000,0,37.4135339,-121.996561,1.315,0.0,0.0,0.0,0.0,0.0,0,0,0,0
134912000,0,37.4135339,-121.996561,1.315,0.0,0.0,0.0,0.0,0.0,0,0,0,0
135012000,0,37.4135339,-121.996561,1.315,0.0,0.0,0.0,0.0,0.0,0,0,0,0
135112000,0,37.4135339,-121.996561,1.315,0.0,0.0,0.0,0.0,0.0,0,0,0,0
135212000,0,37.4135339,-121.996561,1.315,0.0,0.0,0.0,0.0,0.0,0,0,0,0
135312000,0,37.4135339,-121.996561,1.315,0.0,0.0,0.0,0.0,0.0,0,0,0,0
135412000,0,37.4135339,-121.996561,1.315,0.0,0.0,0.0,0.0,0.0,0,0,0,0
135512000,0,37.4135339,-121.996561,1.315,0.0,0.0,0.0,0.0,0.0,0,0,0,0
135612000,0,37.4135339,-121.996561,1.315,0.0,0.0,0.0,0.0,0.0,0,0,0,0
135712000,0,37.4135339,-121.996561,1.315,0.0,0.0,0.0,0.0,0.0,0,0,0,0
135812000,0,37.4135339,-121.996561,1.315,0.0,0.0,0.0,0.0,0.0,0,0,0,0
135912000,0,37.4135339,-121.99656089999999,1.315,0.0,0.0,0.0,0.0,0.0,0,0,0,0
136012000,0,37.4135339,-121.99656089999999,1.315,0.0,0.0,0.0,0.0,0.0,0,0,0,0
136112000,0,37.4135339,-121.99656089999999,1.315,0.0,0.0,0.0,0.0,0.0,0,0,0,0
136212000,0,37.4135339,-121.99656089999999,1.315,0.0,0.0,0.0,0.0,0.0,0,0,0,0
136312000,0,37.4135339,-121.99656089999999,1.315,0.0,0.0,0.0,0.0,0.0,0,0,0,0
136412000,0,37.4135339,-121.99656089999999,1.315,0.0,0.0,0.0,0.0,0.0,0,0,0,0
136512000,0,37.4135339,-121.996561,1.315,0.0,0.0,0.0,0.0,0.0,0,0,0,0
136612000,0,37.4135339,-121.996561,1.315,0.0,0.0,0.0,0.0,0.0,0,0,0,0
136712000,0,37.4135339,-121.996561,1.315,0.0,0.0,0.0,0.0,0.0,0,0,0,0
136812000,0,37.4135339,-121.996561,1.315,0.0,0.0,0.0,0.0,0.0,0,0,0,0
136912000,0,37.4135339,-121.996561,1.315,0.0,0.0,0.0,0.0,0.0,0,0,0,0
137012000,0,37.4135339,-121.996561,1.315,0.0,0.0,0.0,0.0,0.0,0,0,0,0
137112000,0,37.4135339,-121.996561,1.315,0.0,0.0,0.0,0.0,0.0,0,0,0,0
137212000,0,37.4135339,-121.996561,1.315,0.0,0.0,0.0,0.0,0.0,0,0,0,0
137312000,0,37.4135339,-121.99656089999999,1.315,0.0,0.0,0.0,0.0,0.0,0,0,0,0
137412000,0,37.4135339,-121.996561,1.315,0.0,0.0,0.0,0.0,0.0,0,0,0,0
137512000,0,37.4135339,-121.996561,1.315,0.0,0.0,0.0,0.0,0.0,0,0,0,0
137612000,0,37.4135339,-121.996561,1.315,0.0,0.0,0.0,0.0,0.0,0,0,0,0
137712000,0,37.4135339,-121.996561,1.315,0.0,0.0,0.0,0.0,0.0,0,0,0,0
137812000,0,37.4135339,-121.996561,1.315,0.0,0.0,0.0,0.0,0.0,0,0,0,0
137912000,0,37.4135339,-121.996561,1.315,0.0,0.0,0.0,0.0,0.0,0,0,0,0
138012000,0,37.4135339,-121.996561,1.315,0.0,0.0,0.0,0.0,0.0,0,0,0,0
138112000,0,37.4135339,-121.996561,1.315,0.0,0.0,0.0,0.0,0.0,0,0,0,0
138212000,0,37.4135339,-121.99656089999999,1.315,0.0,0.0,0.0,0.0,0.0,0,0,0,0
138312000,0,37.4135339,-121.996561,1.315,0.0,0.0,0.0,0.0,0.0,0,0,0,0
138412000,0,37.4135339,-121.996561,1.315,0.0,0.0,0.0,0.0,0.0,0,0,0,0
138512000,0,37.4135339,-121.996561,1.315,0.0,0.0,0.0,0.0,0.0,0,0,0,0
138612000,0,37.4135339,-121.996561,1.315,0.0,0.0,0.0,0.0,0.0,0,0,0,0
138712000,0,37.4135339,-121.996561,1.315,0.0,0.0,0.0,0.0,0.0,0,0,0,0
138808000,0,37.4135339,-121.996561,1.315,0.0,0.0,0.0,0.0,0.0,0,0,0,0
138912000,0,37.4135339,-121.996561,1.315,0.0,0.0,0.0,0.0,0.0,0,0,0,0
139012000,0,37.4135339,-121.99656089999999,1.315,0.0,0.0,0.0,0.0,0.0,0,0,0,0
139112000,0,37.4135339,-121.996561,1.315,0.0,0.0,0.0,0.0,0.0,0,0,0,0
139212000,0,37.4135339,-121.996561,1.315,0.0,0.0,0.0,0.0,0.0,0,0,0,0
139312000,0,37.4135339,-121.996561,1.315,0.0,0.0,0.0,0.0,0.0,0,0,0,0
139412000,0,37.4135339,-121.996561,1.315,0.0,0.0,0.0,0.0,0.0,0,0,0,0
139512000,0,37.4135339,-121.996561,1.315,0.0,0.0,0.0,0.0,0.0,0,0,0,0
139612000,0,37.4135339,-121.996561,1.315,0.0,0.0,0.0,0.0,0.0,0,0,0,0
139712000,0,37.4135339,-121.996561,1.315,0.0,0.0,0.0,0.0,0.0,0,0,0,0
139812000,0,37.4135339,-121.996561,1.315,0.0,0.0,0.0,0.0,0.0,0,0,0,0
139912000,0,37.4135339,-121.996561,1.315,0.0,0.0,0.0,0.0,0.0,0,0,0,0
140012000,0,37.4135339,-121.996561,1.315,0.0,0.0,0.0,0.0,0.0,0,0,0,0
140112000,0,37.4135339,-121.996561,1.315,0.0,0.0,0.0,0.0,0.0,0,0,0,0
140212000,0,37.4135339,-121.99656089999999,1.315,0.0,0.0,0.0,0.0,0.0,0,0,0,0
140312000,0,37.4135339,-121.99656089999999,1.315,0.0,0.0,0.0,0.0,0.0,0,0,0,0
140412000,0,37.4135339,-121.99656089999999,1.315,0.0,0.0,0.0,0.0,0.0,0,0,0,0
140512000,0,37.4135339,-121.99656089999999,1.315,0.0,0.0,0.0,0.0,0.0,0,0,0,0
140612000,0,37.4135339,-121.996561,1.315,0.0,0.0,0.0,0.0,0.0,0,0,0,0
140712000,0,37.4135339,-121.996561,1.315,0.0,0.0,0.0,0.0,0.0,0,0,0,0
140812000,0,37.4135339,-121.996561,1.315,0.0,0.0,0.0,0.0,0.0,0,0,0,0
140912000,0,37.4135339,-121.996561,1.315,0.0,0.0,0.0,0.0,0.0,0,0,0,0
141012000,0,37.4135339,-121.996561,1.315,0.0,0.0,0.0,0.0,0.0,0,0,0,0
141112000,0,37.4135339,-121.99656089999999,1.315,0.0,0.0,0.0,0.0,0.0,0,0,0,0
141212000,0,37.4135339,-121.996561,1.315,0.0,0.0,0.0,0.0,0.0,0,0,0,0
141312000,0,37.4135339,-121.99656089999999,1.315,0.0,0.0,0.0,0.0,0.0,0,0,0,0
141412000,0,37.4135339,-121.99656089999999,1.315,0.0,0.0,0.0,0.0,0.0,0,0,0,0
141512000,0,37.4135339,-121.99656089999999,1.315,0.0,0.0,0.0,0.0,0.0,0,0,0,0
141612000,0,37.4135339,-121.996561,1.315,0.0,0.0,0.0,0.0,0.0,0,0,0,0
141712000,0,37.4135339,-121.996561,1.315,0.0,0.0,0.0,0.0,0.0,0,0,0,0
141812000,0,37.4135339,-121.99656089999999,1.315,0.0,0.0,0.0,0.0,0.0,0,0,0,0
141912000,0,37.4135339,-121.99656089999999,1.315,0.0,0.0,0.0,0.0,0.0,0,0,0,0
142012000,0,37.4135339,-121.99656089999999,1.315,0.0,0.0,0.0,0.0,0.0,0,0,0,0
142112000,0,37.4135339,-121.99656089999999,1.315,0.0,0.0,0.0,0.0,0.0,0,0,0,0
142212000,0,37.4135339,-121.99656089999999,1.315,0.0,0.0,0.0,0.0,0.0,0,0,0,0
142312000,0,37.4135339,-121.99656089999999,1.315,0.0,0.0,0.0,0.0,0.0,0,0,0,0
142412000,0,37.4135339,-121.99656089999999,1.315,0.0,0.0,0.0,0.0,0.0,0,0,0,0
142512000,0,37.4135339,-121.99656089999999,1.315,0.0,0.0,0.0,0.0,0.0,0,0,0,0
142612000,0,37.4135339,-121.99656089999999,1.315,0.0,0.0,0.0,0.0,0.0,0,0,0,0
142712000,0,37.4135339,-121.99656089999999,1.315,0.0,0.0,0.0,0.0,0.0,0,0,0,0
142812000,0,37.4135339,-121.99656089999999,1.315,0.0,0.0,0.0,0.0,0.0,0,0,0,0
142912000,0,37.4135339,-121.99656089999999,1.315,0.0,0.0,0.0,0.0,0.0,0,0,0,0
143012000,0,37.4135339,-121.99656089999999,1.315,0.0,0.0,0.0,0.0,0.0,0,0,0,0
143112000,0,37.4135339,-121.99656089999999,1.315,0.0,0.0,0.0,0.0,0.0,0,0,0,0
143212000,0,37.4135339,-121.99656089999999,1.315,0.0,0.0,0.0,0.0,0.0,0,0,0,0
143312000,0,37.4135339,-121.99656089999999,1.315,0.0,0.0,0.0,0.0,0.0,0,0,0,0
143412000,0,37.4135339,-121.99656089999999,1.315,0.0,0.0,0.0,0.0,0.0,0,0,0,0
143512000,0,37.4135339,-121.99656089999999,1.315,0.0,0.0,0.0,0.0,0.0,0,0,0,0
143612000,0,37.4135339,-121.99656089999999,1.315,0.0,0.0,0.0,0.0,0.0,0,0,0,0
143712000,0,37.4135339,-121.99656089999999,1.315,0.0,0.0,0.0,0.0,0.0,0,0,0,0
143812000,0,37.4135339,-121.99656089999999,1.315,0.0,0.0,0.0,0.0,0.0,0,0,0,0
143912000,0,37.4135339,-121.99656089999999,1.315,0.0,0.0,0.0,0.0,0.0,0,0,0,0
144012000,0,37.4135339,-121.99656089999999,1.315,0.0,0.0,0.0,0.0,0.0,0,0,0,0
144112000,0,37.4135339,-121.99656089999999,1.315,0.0,0.0,0.0,0.0,0.0,0,0,0,0
144212000,0,37.4135339,-121.99656089999999,1.315,0.0,0.0,0.0,0.0,0.0,0,0,0,0
144312000,0,37.4135339,-121.99656089999999,1.315,0.0,0.0,0.0,0.0,0.0,0,0,0,0
144412000,0,37.4135339,-121.99656089999999,1.315,0.0,0.0,0.0,0.0,0.0,0,0,0,0
144512000,0,37.4135339,-121.99656089999999,1.315,0.0,0.0,0.0,0.0,0.0,0,0,0,0
144612000,0,37.4135339,-121.99656089999999,1.315,0.0,0.0,0.0,0.0,0.0,0,0,0,0
144712000,0,37.4135339,-121.99656089999999,1.315,0.0,0.0,0.0,0.0,0.0,0,0,0,0
144812000,0,37.4135339,-121.99656089999999,1.315,0.0,0.0,0.0,0.0,0.0,0,0,0,0
144912000,0,37.4135339,-121.99656089999999,1.315,0.0,0.0,0.0,0.0,0.0,0,0,0,0
145012000,0,37.4135339,-121.99656089999999,1.315,0.0,0.0,0.0,0.0,0.0,0,0,0,0
145112000,0,37.4135339,-121.99656089999999,1.315,0.0,0.0,0.0,0.0,0.0,0,0,0,0
145212000,0,37.4135339,-121.99656089999999,1.315,0.0,0.0,0.0,0.0,0.0,0,0,0,0
145312000,0,37.4135339,-121.99656089999999,1.315,0.0,0.0,0.0,0.0,0.0,0,0,0,0
145412000,0,37.4135339,-121.99656089999999,1.315,0.0,0.0,0.0,0.0,0.0,0,0,0,0
145512000,0,37.4135339,-121.99656089999999,1.315,0.0,0.0,0.0,0.0,0.0,0,0,0,0
145612000,0,37.4135339,-121.99656089999999,1.315,0.0,0.0,0.0,0.0,0.0,0,0,0,0
145712000,0,37.4135339,-121.99656089999999,1.315,0.0,0.0,0.0,0.0,0.0,0,0,0,0
145812000,0,37.4135339,-121.99656089999999,1.315,0.0,0.0,0.0,0.0,0.0,0,0,0,0
145912000,0,37.4135339,-121.99656089999999,1.315,0.0,0.0,0.0,0.0,0.0,0,0,0,0
146012000,0,37.4135339,-121.99656089999999,1.315,0.0,0.0,0.0,0.0,0.0,0,0,0,0
146112000,0,37.4135339,-121.99656089999999,1.315,0.0,0.0,0.0,0.0,0.0,0,0,0,0
146212000,0,37.4135339,-121.99656089999999,1.315,0.0,0.0,0.0,0.0,0.0,0,0,0,0
146312000,0,37.4135339,-121.99656089999999,1.315,0.0,0.0,0.0,0.0,0.0,0,0,0,0
146412000,0,37.4135339,-121.99656089999999,1.315,0.0,0.0,0.0,0.0,0.0,0,0,0,0
146512000,0,37.4135339,-121.99656089999999,1.315,0.0,0.0,0.0,0.0,0.0,0,0,0,0
146612000,0,37.4135339,-121.99656089999999,1.315,0.0,0.0,0.0,0.0,0.0,0,0,0,0
146712000,0,37.4135339,-121.99656089999999,1.315,0.0,0.0,0.0,0.0,0.0,0,0,0,0
146812000,0,37.4135339,-121.99656089999999,1.315,0.0,0.0,0.0,0.0,0.0,0,0,0,0
146912000,0,37.4135339,-121.99656089999999,1.315,0.0,0.0,0.0,0.0,0.0,0,0,0,0
147012000,0,37.4135339,-121.99656089999999,1.315,0.0,0.0,0.0,0.0,0.0,0,0,0,0
147112000,0,37.4135339,-121.99656089999999,1.315,0.0,0.0,0.0,0.0,0.0,0,0,0,0
147212000,0,37.4135339,-121.99656089999999,1.315,0.0,0.0,0.0,0.0,0.0,0,0,0,0
147312000,0,37.4135339,-121.99656089999999,1.315,0.0,0.0,0.0,0.0,0.0,0,0,0,0
147412000,0,37.4135339,-121.99656089999999,1.315,0.0,0.0,0.0,0.0,0.0,0,0,0,0
147512000,0,37.4135339,-121.99656089999999,1.315,0.0,0.0,0.0,0.0,0.0,0,0,0,0
147612000,0,37.4135339,-121.99656089999999,1.315,0.0,0.0,0.0,0.0,0.0,0,0,0,0
147712000,0,37.4135339,-121.99656089999999,1.315,0.0,0.0,0.0,0.0,0.0,0,0,0,0
147812000,0,37.4135339,-121.99656089999999,1.315,0.0,0.0,0.0,0.0,0.0,0,0,0,0
147912000,0,37.4135339,-121.99656089999999,1.315,0.0,0.0,0.0,0.0,0.0,0,0,0,0
148012000,0,37.4135339,-121.99656089999999,1.315,0.0,0.0,0.0,0.0,0.0,0,0,0,0
148112000,0,37.4135339,-121.99656089999999,1.315,0.0,0.0,0.0,0.0,0.0,0,0,0,0
148212000,0,37.4135339,-121.99656089999999,1.317,0.0,0.0,0.0,0.0,0.0,0,0,0,0
148312000,0,37.4135339,-121.99656089999999,1.32,0.0,0.0,0.0,0.0,0.0,0,0,0,0
148412000,0,37.4135339,-121.99656089999999,1.324,0.0,0.0,0.0,0.0,0.0,0,0,0,0
148512000,0,37.4135339,-121.99656089999999,1.33,0.0,0.0,0.0,0.0,0.0,0,0,0,0
148612000,0,37.413534,-121.99656089999999,1.338,0.0,0.0,0.0,0.0,0.0,0,0,0,0
148712000,0,37.413534,-121.9965608,1.347,0.0,0.0,0.0,0.0,0.0,0,0,0,0
148812000,0,37.4135341,-121.9965608,1.36,0.0,0.0,0.0,0.0,0.0,0,0,0,0
148912000,0,37.413534299999995,-121.99656069999999,1.377,0.0,0.0,0.0,0.0,0.0,0,0,0,0
149012000,0,37.4135345,-121.9965606,1.399,0.0,0.0,0.0,0.0,0.0,0,0,0,0
149112000,0,37.4135346,-121.9965606,1.423,0.0,0.0,0.0,0.0,0.0,0,0,0,0
149212000,0,37.4135348,-121.9965605,1.454,0.0,0.0,0.0,0.0,0.0,0,0,0,0
149312000,0,37.413534899999995,-121.9965605,1.486,0.0,0.0,0.0,0.0,0.0,0,0,0,0
149412000,0,37.413534999999996,-121.99656039999999,1.524,0.0,0.0,0.0,0.0,0.0,0,0,0,0
149512000,0,37.4135351,-121.99656039999999,1.563,0.0,0.0,0.0,0.0,0.0,0,0,0,0
149612000,0,37.4135352,-121.9965603,1.605,0.0,0.0,0.0,0.0,0.0,0,0,0,0
149712000,0,37.4135353,-121.9965603,1.647,0.0,0.0,0.0,0.0,0.0,0,0,0,0
149812000,0,37.4135354,-121.9965603,1.693,0.0,0.0,0.0,0.0,0.0,0,0,0,0
149912000,0,37.4135354,-121.9965603,1.741,0.0,0.0,0.0,0.0,0.0,0,0,0,0
150012000,0,37.4135354,-121.9965603,1.791,0.0,0.0,0.0,0.0,0.0,0,0,0,0
150112000,0,37.4135354,-121.9965603,1.841,0.0,0.0,0.0,0.0,0.0,0,0,0,0
150212000,0,37.4135354,-121.99656039999999,1.895,0.0,0.0,0.0,0.0,0.0,0,0,0,0
150312000,0,37.4135353,-121.99656039999999,1.945,0.0,0.0,0.0,0.0,0.0,0,0,0,0
150412000,0,37.4135353,-121.99656039999999,2.0,0.0,0.0,0.0,0.0,0.0,0,0,0,0
150512000,0,37.4135352,-121.9965605,2.053,0.0,0.0,0.0,0.0,0.0,0,0,0,0
150612000,0,37.4135351,-121.9965605,2.104,0.0,0.0,0.0,0.0,0.0,0,0,0,0
150712000,0,37.4135351,-121.9965606,2.158,0.0,0.0,0.0,0.0,0.0,0,0,0,0
150812000,0,37.413534999999996,-121.99656069999999,2.21,0.0,0.0,0.0,0.0,0.0,0,0,0,0
150912000,0,37.413534899999995,-121.99656069999999,2.263,0.0,0.0,0.0,0.0,0.0,0,0,0,0
151012000,0,37.4135348,-121.9965608,2.315,0.0,0.0,0.0,0.0,0.0,0,0,0,0
151112000,0,37.4135347,-121.99656089999999,2.361,0.0,0.0,0.0,0.0,0.0,0,0,0,0
151212000,0,37.4135346,-121.99656089999999,2.398,0.0,0.0,0.0,0.0,0.0,0,0,0,0
151312000,0,37.4135345,-121.996561,2.424,0.0,0.0,0.0,0.0,0.0,0,0,0,0
151412000,0,37.413534399999996,-121.996561,2.444,0.0,0.0,0.0,0.0,0.0,0,0,0,0
151512000,0,37.413534299999995,-121.9965611,2.462,0.0,0.0,0.0,0.0,0.0,0,0,0,0
151612000,0,37.4135342,-121.9965611,2.481,0.0,0.0,0.0,0.0,0.0,0,0,0,0
151712000,0,37.4135341,-121.99656119999999,2.502,0.0,0.0,0.0,0.0,0.0,0,0,0,0
151812000,0,37.413534,-121.99656119999999,2.525,0.0,0.0,0.0,0.0,0.0,0,0,0,0
151912000,0,37.4135339,-121.99656119999999,2.548,0.0,0.0,0.0,0.0,0.0,0,0,0,0
152012000,0,37.4135339,-121.99656119999999,2.574,0.0,0.0,0.0,0.0,0.0,0,0,0,0
152112000,0,37.413533799999996,-121.9965613,2.599,0.0,0.0,0.0,0.0,0.0,0,0,0,0
152212000,0,37.413533699999995,-121.9965613,2.625,0.0,0.0,0.0,0.0,0.0,0,0,0,0
152312000,0,37.413533699999995,-121.9965613,2.65,0.0,0.0,0.0,0.0,0.0,0,0,0,0
152412000,0,37.4135336,-121.9965613,2.674,0.0,0.0,0.0,0.0,0.0,0,0,0,0
152512000,0,37.4135336,-121.9965613,2.697,0.0,0.0,0.0,0.0,0.0,0,0,0,0
152612000,0,37.4135336,-121.9965613,2.721,0.0,0.0,0.0,0.0,0.0,0,0,0,0
152712000,0,37.4135335,-121.9965613,2.742,0.0,0.0,0.0,0.0,0.0,0,0,0,0
152812000,0,37.4135335,-121.99656139999999,2.764,0.0,0.0,0.0,0.0,0.0,0,0,0,0
152912000,0,37.4135335,-121.99656139999999,2.784,0.0,0.0,0.0,0.0,0.0,0,0,0,0
153012000,0,37.4135335,-121.99656139999999,2.804,0.0,0.0,0.0,0.0,0.0,0,0,0,0
153112000,0,37.4135335,-121.99656139999999,2.823,0.0,0.0,0.0,0.0,0.0,0,0,0,0
153212000,0,37.4135335,-121.99656139999999,2.843,0.0,0.0,0.0,0.0,0.0,0,0,0,0
153312000,0,37.4135335,-121.99656139999999,2.86,0.0,0.0,0.0,0.0,0.0,0,0,0,0
153412000,0,37.4135335,-121.99656139999999,2.877,0.0,0.0,0.0,0.0,0.0,0,0,0,0
153512000,0,37.4135335,-121.99656139999999,2.894,0.0,0.0,0.0,0.0,0.0,0,0,0,0
153612000,0,37.4135335,-121.99656139999999,2.91,0.0,0.0,0.0,0.0,0.0,0,0,0,0
153712000,0,37.4135335,-121.99656139999999,2.925,0.0,0.0,0.0,0.0,0.0,0,0,0,0
153812000,0,37.4135335,-121.99656139999999,2.941,0.0,0.0,0.0,0.0,0.0,0,0,0,0
153912000,0,37.4135335,-121.99656139999999,2.956,0.0,0.0,0.0,0.0,0.0,0,0,0,0
154012000,0,37.4135335,-121.99656139999999,2.971,0.0,0.0,0.0,0.0,0.0,0,0,0,0
154112000,0,37.4135335,-121.99656139999999,2.986,0.0,0.0,0.0,0.0,0.0,0,0,0,0
154212000,0,37.4135335,-121.99656139999999,3.0,0.0,0.0,0.0,0.0,0.0,0,0,0,0
154312000,0,37.4135336,-121.99656139999999,3.015,0.0,0.0,0.0,0.0,0.0,0,0,0,0
154412000,0,37.4135336,-121.99656139999999,3.029,0.0,0.0,0.0,0.0,0.0,0,0,0,0
154512000,0,37.4135336,-121.99656139999999,3.042,0.0,0.0,0.0,0.0,0.0,0,0,0,0
154612000,0,37.4135336,-121.99656139999999,3.055,0.0,0.0,0.0,0.0,0.0,0,0,0,0
154712000,0,37.4135336,-121.99656139999999,3.069,0.0,0.0,0.0,0.0,0.0,0,0,0,0
154812000,0,37.4135336,-121.9965615,3.081,0.0,0.0,0.0,0.0,0.0,0,0,0,0
154912000,0,37.4135336,-121.9965615,3.093,0.0,0.0,0.0,0.0,0.0,0,0,0,0
155012000,0,37.413533699999995,-121.9965615,3.105,0.0,0.0,0.0,0.0,0.0,0,0,0,0
155112000,0,37.413533699999995,-121.9965615,3.117,0.0,0.0,0.0,0.0,0.0,0,0,0,0
155212000,0,37.413533699999995,-121.9965615,3.127,0.0,0.0,0.0,0.0,0.0,0,0,0,0
155312000,0,37.413533699999995,-121.9965615,3.138,0.0,0.0,0.0,0.0,0.0,0,0,0,0
155412000,0,37.413533699999995,-121.99656159999999,3.148,0.0,0.0,0.0,0.0,0.0,0,0,0,0
155512000,0,37.413533799999996,-121.99656159999999,3.159,0.0,0.0,0.0,0.0,0.0,0,0,0,0
155612000,0,37.413533799999996,-121.99656159999999,3.169,0.0,0.0,0.0,0.0,0.0,0,0,0,0
155712000,0,37.413533799999996,-121.99656159999999,3.178,0.0,0.0,0.0,0.0,0.0,0,0,0,0
155812000,0,37.413533799999996,-121.99656159999999,3.188,0.0,0.0,0.0,0.0,0.0,0,0,0,0
155912000,0,37.4135339,-121.99656159999999,3.196,0.0,0.0,0.0,0.0,0.0,0,0,0,0
156012000,0,37.4135339,-121.99656159999999,3.205,0.0,0.0,0.0,0.0,0.0,0,0,0,0
156112000,0,37.4135339,-121.9965617,3.213,0.0,0.0,0.0,0.0,0.0,0,0,0,0
156212000,0,37.4135339,-121.9965617,3.221,0.0,0.0,0.0,0.0,0.0,0,0,0,0
156312000,0,37.413534,-121.9965617,3.229,0.0,0.0,0.0,0.0,0.0,0,0,0,0
156412000,0,37.413534,-121.9965617,3.236,0.0,0.0,0.0,0.0,0.0,0,0,0,0
156512000,0,37.413534,-121.9965617,3.244,0.0,0.0,0.0,0.0,0.0,0,0,0,0
156612000,0,37.413534,-121.9965617,3.251,0.0,0.0,0.0,0.0,0.0,0,0,0,0
156712000,0,37.4135341,-121.9965617,3.257,0.0,0.0,0.0,0.0,0.0,0,0,0,0
156812000,0,37.4135341,-121.9965617,3.263,0.0,0.0,0.0,0.0,0.0,0,0,0,0
156912000,0,37.4135341,-121.9965617,3.268,0.0,0.0,0.0,0.0,0.0,0,0,0,0
157012000,0,37.4135341,-121.9965617,3.274,0.0,0.0,0.0,0.0,0.0,0,0,0,0
157112000,0,37.4135342,-121.9965617,3.279,0.0,0.0,0.0,0.0,0.0,0,0,0,0
157212000,0,37.4135342,-121.9965617,3.284,0.0,0.0,0.0,0.0,0.0,0,0,0,0
157312000,0,37.4135342,-121.9965617,3.29,0.0,0.0,0.0,0.0,0.0,0,0,0,0
157412000,0,37.4135342,-121.9965617,3.296,0.0,0.0,0.0,0.0,0.0,0,0,0,0
157512000,0,37.413534299999995,-121.9965617,3.301,0.0,0.0,0.0,0.0,0.0,0,0,0,0
157612000,0,37.413534299999995,-121.9965617,3.307,0.0,0.0,0.0,0.0,0.0,0,0,0,0
157712000,0,37.413534299999995,-121.9965617,3.314,0.0,0.0,0.0,0.0,0.0,0,0,0,0
157812000,0,37.413534399999996,-121.9965617,3.324,0.0,0.0,0.0,0.0,0.0,0,0,0,0
157912000,0,37.4135345,-121.9965618,3.334,0.0,0.0,0.0,0.0,0.0,0,0,0,0
158012000,0,37.4135347,-121.996562,3.345,0.0,0.0,0.0,0.0,0.0,0,0,0,0
158112000,0,37.4135351,-121.9965623,3.357,0.0,0.0,0.0,0.0,0.0,0,0,0,0
158212000,0,37.413535599999996,-121.99656259999999,3.37,0.0,0.0,0.0,0.0,0.0,0,0,0,0
158312000,0,37.4135364,-121.99656309999999,3.382,0.0,0.0,0.0,0.0,0.0,0,0,0,0
158412000,0,37.413537399999996,-121.99656359999999,3.391,0.0,0.0,0.0,0.0,0.0,0,0,0,0
158512000,0,37.4135385,-121.9965642,3.399,0.0,0.0,0.0,0.0,0.0,0,0,0,0
158612000,0,37.4135397,-121.9965649,3.405,0.0,0.0,0.0,0.0,0.0,0,0,0,0
158712000,0,37.413540999999995,-121.99656569999999,3.41,0.0,0.0,0.0,0.0,0.0,0,0,0,0
158812000,0,37.413542299999996,-121.9965665,3.415,0.0,0.0,0.0,0.0,0.0,0,0,0,0
158912000,0,37.4135437,-121.9965672,3.421,0.0,0.0,0.0,0.0,0.0,0,0,0,0
159012000,0,37.413545,-121.996568,3.428,0.0,0.0,0.0,0.0,0.0,0,0,0,0
159112000,0,37.4135464,-121.99656859999999,3.439,0.0,0.0,0.0,0.0,0.0,0,0,0,0
159212000,0,37.413547699999995,-121.99656909999999,3.459,0.0,0.0,0.0,0.0,0.0,0,0,0,0
159312000,0,37.4135491,-121.9965694,3.48,0.0,0.0,0.0,0.0,0.0,0,0,0,0
159412000,0,37.4135506,-121.9965696,3.498,0.0,0.0,0.0,0.0,0.0,0,0,0,0
159512000,0,37.413551999999996,-121.9965696,3.511,0.0,0.0,0.0,0.0,0.0,0,0,0,0
159612000,0,37.4135534,-121.9965696,3.524,0.0,0.0,0.0,0.0,0.0,0,0,0,0
159712000,0,37.4135547,-121.99656949999999,3.535,0.0,0.0,0.0,0.0,0.0,0,0,0,0
159812000,0,37.4135561,-121.9965692,3.545,0.0,0.0,0.0,0.0,0.0,0,0,0,0
159912000,0,37.4135573,-121.9965689,3.554,0.0,0.0,0.0,0.0,0.0,0,0,0,0
160012000,0,37.4135584,-121.9965684,3.562,0.0,0.0,0.0,0.0,0.0,0,0,0,0
160112000,0,37.4135595,-121.9965678,3.57,0.0,0.0,0.0,0.0,0.0,0,0,0,0
160212000,0,37.4135604,-121.9965672,3.577,0.0,0.0,0.0,0.0,0.0,0,0,0,0
160312000,0,37.4135613,-121.9965665,3.584,0.0,0.0,0.0,0.0,0.0,0,0,0,0
160412000,0,37.413562,-121.9965656,3.591,0.0,0.0,0.0,0.0,0.0,0,0,0,0
160512000,0,37.4135627,-121.9965648,3.596,0.0,0.0,0.0,0.0,0.0,0,0,0,0
160612000,0,37.4135632,-121.99656379999999,3.601,0.0,0.0,0.0,0.0,0.0,0,0,0,0
160712000,0,37.413563599999996,-121.99656279999999,3.605,0.0,0.0,0.0,0.0,0.0,0,0,0,0
160812000,0,37.413564,-121.9965618,3.608,0.0,0.0,0.0,0.0,0.0,0,0,0,0
160912000,0,37.413564199999996,-121.9965606,3.611,0.0,0.0,0.0,0.0,0.0,0,0,0,0
161012000,0,37.4135643,-121.99655949999999,3.613,0.0,0.0,0.0,0.0,0.0,0,0,0,0
161112000,0,37.4135643,-121.9965584,3.615,0.0,0.0,0.0,0.0,0.0,0,0,0,0
161212000,0,37.4135643,-121.9965572,3.618,0.0,0.0,0.0,0.0,0.0,0,0,0,0
161312000,0,37.413564199999996,-121.99655609999999,3.619,0.0,0.0,0.0,0.0,0.0,0,0,0,0
161412000,0,37.4135639,-121.99655489999999,3.62,0.0,0.0,0.0,0.0,0.0,0,0,0,0
161512000,0,37.4135637,-121.99655369999999,3.622,0.0,0.0,0.0,0.0,0.0,0,0,0,0
161612000,0,37.4135633,-121.99655249999999,3.623,0.0,0.0,0.0,0.0,0.0,0,0,0,0
161712000,0,37.413562899999995,-121.9965513,3.625,0.0,0.0,0.0,0.0,0.0,0,0,0,0
161812000,0,37.4135625,-121.9965502,3.627,0.0,0.0,0.0,0.0,0.0,0,0,0,0
161912000,0,37.413562,-121.99654899999999,3.629,0.0,0.0,0.0,0.0,0.0,0,0,0,0
162012000,0,37.4135615,-121.9965479,3.631,0.0,0.0,0.0,0.0,0.0,0,0,0,0
162112000,0,37.4135609,-121.9965467,3.633,0.0,0.0,0.0,0.0,0.0,0,0,0,0
162212000,0,37.4135604,-121.99654559999999,3.636,0.0,0.0,0.0,0.0,0.0,0,0,0,0
162312000,0,37.4135598,-121.9965445,3.639,0.0,0.0,0.0,0.0,0.0,0,0,0,0
162412000,0,37.4135592,-121.9965434,3.642,0.0,0.0,0.0,0.0,0.0,0,0,0,0
162512000,0,37.4135586,-121.9965423,3.645,0.0,0.0,0.0,0.0,0.0,0,0,0,0
162612000,0,37.413557999999995,-121.99654129999999,3.648,0.0,0.0,0.0,0.0,0.0,0,0,0,0
162712000,0,37.413557399999995,-121.99654029999999,3.651,0.0,0.0,0.0,0.0,0.0,0,0,0,0
162812000,0,37.413556799999995,-121.9965392,3.655,0.0,0.0,0.0,0.0,0.0,0,0,0,0
162912000,0,37.413556199999995,-121.99653819999999,3.658,0.0,0.0,0.0,0.0,0.0,0,0,0,0
163012000,0,37.4135555,-121.9965371,3.661,0.0,0.0,0.0,0.0,0.0,0,0,0,0
163112000,0,37.4135549,-121.9965361,3.664,0.0,0.0,0.0,0.0,0.0,0,0,0,0
163212000,0,37.4135543,-121.99653509999999,3.668,0.0,0.0,0.0,0.0,0.0,0,0,0,0
163312000,0,37.4135537,-121.9965342,3.671,0.0,0.0,0.0,0.0,0.0,0,0,0,0
163412000,0,37.413553,-121.99653319999999,3.675,0.0,0.0,0.0,0.0,0.0,0,0,0,0
163512000,0,37.4135524,-121.99653219999999,3.679,0.0,0.0,0.0,0.0,0.0,0,0,0,0
163612000,0,37.4135518,-121.9965313,3.683,0.0,0.0,0.0,0.0,0.0,0,0,0,0
163712000,0,37.4135512,-121.9965304,3.687,0.0,0.0,0.0,0.0,0.0,0,0,0,0
163812000,0,37.4135506,-121.9965295,3.691,0.0,0.0,0.0,0.0,0.0,0,0,0,0
163912000,0,37.4135499,-121.99652859999999,3.695,0.0,0.0,0.0,0.0,0.0,0,0,0,0
164012000,0,37.4135493,-121.9965277,3.7,0.0,0.0,0.0,0.0,0.0,0,0,0,0
164112000,0,37.4135486,-121.99652689999999,3.704,0.0,0.0,0.0,0.0,0.0,0,0,0,0
164212000,0,37.413548,-121.9965261,3.709,0.0,0.0,0.0,0.0,0.0,0,0,0,0
164312000,0,37.4135473,-121.99652529999999,3.714,0.0,0.0,0.0,0.0,0.0,0,0,0,0
164412000,0,37.4135466,-121.99652449999999,3.719,0.0,0.0,0.0,0.0,0.0,0,0,0,0
164512000,0,37.413545899999995,-121.99652379999999,3.724,0.0,0.0,0.0,0.0,0.0,0,0,0,0
164612000,0,37.4135452,-121.996523,3.729,0.0,0.0,0.0,0.0,0.0,0,0,0,0
164712000,0,37.4135445,-121.9965223,3.734,0.0,0.0,0.0,0.0,0.0,0,0,0,0
164812000,0,37.4135438,-121.99652169999999,3.74,0.0,0.0,0.0,0.0,0.0,0,0,0,0
164912000,0,37.413543,-121.9965211,3.745,0.0,0.0,0.0,0.0,0.0,0,0,0,0
165012000,0,37.413542299999996,-121.99652049999999,3.75,0.0,0.0,0.0,0.0,0.0,0,0,0,0
165112000,0,37.4135415,-121.9965199,3.756,0.0,0.0,0.0,0.0,0.0,0,0,0,0
165212000,0,37.4135407,-121.9965194,3.761,0.0,0.0,0.0,0.0,0.0,0,0,0,0
165312000,0,37.413539899999996,-121.99651899999999,3.766,0.0,0.0,0.0,0.0,0.0,0,0,0,0
165412000,0,37.4135391,-121.9965185,3.773,0.0,0.0,0.0,0.0,0.0,0,0,0,0
165512000,0,37.4135383,-121.99651809999999,3.779,0.0,0.0,0.0,0.0,0.0,0,0,0,0
165612000,0,37.4135375,-121.99651779999999,3.785,0.0,0.0,0.0,0.0,0.0,0,0,0,0
165712000,0,37.4135367,-121.9965175,3.792,0.0,0.0,0.0,0.0,0.0,0,0,0,0
165812000,0,37.4135358,-121.9965172,3.798,0.0,0.0,0.0,0.0,0.0,0,0,0,0
165912000,0,37.413534999999996,-121.996517,3.805,0.0,0.0,0.0,0.0,0.0,0,0,0,0
166012000,0,37.4135341,-121.9965168,3.812,0.0,0.0,0.0,0.0,0.0,0,0,0,0
166112000,0,37.4135333,-121.99651659999999,3.818,0.0,0.0,0.0,0.0,0.0,0,0,0,0
166212000,0,37.413532499999995,-121.9965165,3.825,0.0,0.0,0.0,0.0,0.0,0,0,0,0
166312000,0,37.4135316,-121.99651639999999,3.832,0.0,0.0,0.0,0.0,0.0,0,0,0,0
166412000,0,37.4135308,-121.99651639999999,3.84,0.0,0.0,0.0,0.0,0.0,0,0,0,0
166512000,0,37.4135299,-121.9965163,3.847,0.0,0.0,0.0,0.0,0.0,0,0,0,0
166612000,0,37.4135291,-121.9965163,3.854,0.0,0.0,0.0,0.0,0.0,0,0,0,0
166712000,0,37.4135282,-121.99651639999999,3.861,0.0,0.0,0.0,0.0,0.0,0,0,0,0
166812000,0,37.4135274,-121.99651639999999,3.869,0.0,0.0,0.0,0.0,0.0,0,0,0,0
166912000,0,37.4135266,-121.9965165,3.876,0.0,0.0,0.0,0.0,0.0,0,0,0,0
167012000,0,37.4135257,-121.99651659999999,3.884,0.0,0.0,0.0,0.0,0.0,0,0,0,0
167112000,0,37.4135248,-121.9965168,3.892,0.0,0.0,0.0,0.0,0.0,0,0,0,0
167212000,0,37.4135241,-121.99651689999999,3.9,0.0,0.0,0.0,0.0,0.0,0,0,0,0
167312000,0,37.4135232,-121.99651709999999,3.909,0.0,0.0,0.0,0.0,0.0,0,0,0,0
167412000,0,37.4135224,-121.99651739999999,3.917,0.0,0.0,0.0,0.0,0.0,0,0,0,0
167512000,0,37.413521599999996,-121.99651759999999,3.926,0.0,0.0,0.0,0.0,0.0,0,0,0,0
167612000,0,37.4135208,-121.9965179,3.935,0.0,0.0,0.0,0.0,0.0,0,0,0,0
167712000,0,37.41352,-121.9965182,3.943,0.0,0.0,0.0,0.0,0.0,0,0,0,0
167812000,0,37.413519199999996,-121.9965185,3.952,0.0,0.0,0.0,0.0,0.0,0,0,0,0
167912000,0,37.4135184,-121.9965189,3.962,0.0,0.0,0.0,0.0,0.0,0,0,0,0
168012000,0,37.4135176,-121.9965192,3.971,0.0,0.0,0.0,0.0,0.0,0,0,0,0
168112000,0,37.4135168,-121.9965196,3.98,0.0,0.0,0.0,0.0,0.0,0,0,0,0
168212000,0,37.413516099999995,-121.99651999999999,3.989,0.0,0.0,0.0,0.0,0.0,0,0,0,0
168312000,0,37.4135153,-121.99652049999999,3.998,0.0,0.0,0.0,0.0,0.0,0,0,0,0
168412000,0,37.4135146,-121.9965209,4.008,0.0,0.0,0.0,0.0,0.0,0,0,0,0
168512000,0,37.4135138,-121.99652139999999,4.017,0.0,0.0,0.0,0.0,0.0,0,0,0,0
168612000,0,37.413513099999996,-121.996522,4.026,0.0,0.0,0.0,0.0,0.0,0,0,0,0
168712000,0,37.4135123,-121.9965225,4.035,0.0,0.0,0.0,0.0,0.0,0,0,0,0
168812000,0,37.4135116,-121.99652309999999,4.045,0.0,0.0,0.0,0.0,0.0,0,0,0,0
168912000,0,37.413511,-121.99652359999999,4.053,0.0,0.0,0.0,0.0,0.0,0,0,0,0
169012000,0,37.4135102,-121.9965242,4.062,0.0,0.0,0.0,0.0,0.0,0,0,0,0
169112000,0,37.4135096,-121.99652479999999,4.071,0.0,0.0,0.0,0.0,0.0,0,0,0,0
169212000,0,37.4135089,-121.99652549999999,4.08,0.0,0.0,0.0,0.0,0.0,0,0,0,0
169312000,0,37.4135083,-121.9965261,4.088,0.0,0.0,0.0,0.0,0.0,0,0,0,0
169412000,0,37.413507599999996,-121.9965268,4.097,0.0,0.0,0.0,0.0,0.0,0,0,0,0
169512000,0,37.413506999999996,-121.9965275,4.106,0.0,0.0,0.0,0.0,0.0,0,0,0,0
169612000,0,37.413506399999996,-121.9965282,4.115,0.0,0.0,0.0,0.0,0.0,0,0,0,0
169712000,0,37.4135057,-121.9965289,4.125,0.0,0.0,0.0,0.0,0.0,0,0,0,0
169812000,0,37.413505199999996,-121.9965297,4.133,0.0,0.0,0.0,0.0,0.0,0,0,0,0
169912000,0,37.413504599999996,-121.9965304,4.143,0.0,0.0,0.0,0.0,0.0,0,0,0,0
170012000,0,37.413503999999996,-121.99653119999999,4.153,0.0,0.0,0.0,0.0,0.0,0,0,0,0
170112000,0,37.4135035,-121.99653199999999,4.161,0.0,0.0,0.0,0.0,0.0,0,0,0,0
170212000,0,37.413503,-121.9965328,4.171,0.0,0.0,0.0,0.0,0.0,0,0,0,0
170312000,0,37.4135025,-121.99653359999999,4.18,0.0,0.0,0.0,0.0,0.0,0,0,0,0
170412000,0,37.413502,-121.9965345,4.19,0.0,0.0,0.0,0.0,0.0,0,0,0,0
170512000,0,37.413501499999995,-121.99653529999999,4.199,0.0,0.0,0.0,0.0,0.0,0,0,0,0
170612000,0,37.4135011,-121.9965362,4.208,0.0,0.0,0.0,0.0,0.0,0,0,0,0
170712000,0,37.4135006,-121.9965371,4.218,0.0,0.0,0.0,0.0,0.0,0,0,0,0
170812000,0,37.4135002,-121.996538,4.227,0.0,0.0,0.0,0.0,0.0,0,0,0,0
170912000,0,37.4134998,-121.99653889999999,4.236,0.0,0.0,0.0,0.0,0.0,0,0,0,0
171012000,0,37.4134994,-121.9965398,4.245,0.0,0.0,0.0,0.0,0.0,0,0,0,0
171112000,0,37.413499099999996,-121.9965407,4.255,0.0,0.0,0.0,0.0,0.0,0,0,0,0
171212000,0,37.4134987,-121.9965417,4.264,0.0,0.0,0.0,0.0,0.0,0,0,0,0
171312000,0,37.4134984,-121.9965426,4.273,0.0,0.0,0.0,0.0,0.0,0,0,0,0
171412000,0,37.4134981,-121.9965436,4.282,0.0,0.0,0.0,0.0,0.0,0,0,0,0
171512000,0,37.4134978,-121.9965446,4.291,0.0,0.0,0.0,0.0,0.0,0,0,0,0
171612000,0,37.4134976,-121.9965455,4.3,0.0,0.0,0.0,0.0,0.0,0,0,0,0
171712000,0,37.413497299999996,-121.9965465,4.309,0.0,0.0,0.0,0.0,0.0,0,0,0,0
171812000,0,37.4134971,-121.99654749999999,4.318,0.0,0.0,0.0,0.0,0.0,0,0,0,0
171912000,0,37.4134969,-121.99654849999999,4.327,0.0,0.0,0.0,0.0,0.0,0,0,0,0
172012000,0,37.413496699999996,-121.9965495,4.336,0.0,0.0,0.0,0.0,0.0,0,0,0,0
172112000,0,37.4134965,-121.9965505,4.344,0.0,0.0,0.0,0.0,0.0,0,0,0,0
172212000,0,37.4134964,-121.99655159999999,4.353,0.0,0.0,0.0,0.0,0.0,0,0,0,0
172312000,0,37.4134963,-121.99655249999999,4.361,0.0,0.0,0.0,0.0,0.0,0,0,0,0
172412000,0,37.4134962,-121.9965536,4.371,0.0,0.0,0.0,0.0,0.0,0,0,0,0
172512000,0,37.413496099999996,-121.9965546,4.379,0.0,0.0,0.0,0.0,0.0,0,0,0,0
172612000,0,37.413496099999996,-121.9965556,4.387,0.0,0.0,0.0,0.0,0.0,0,0,0,0
172712000,0,37.413495999999995,-121.9965567,4.396,0.0,0.0,0.0,0.0,0.0,0,0,0,0
172812000,0,37.413495999999995,-121.9965577,4.405,0.0,0.0,0.0,0.0,0.0,0,0,0,0
172912000,0,37.413496099999996,-121.9965587,4.413,0.0,0.0,0.0,0.0,0.0,0,0,0,0
173012000,0,37.413496099999996,-121.99655969999999,4.422,0.0,0.0,0.0,0.0,0.0,0,0,0,0
173112000,0,37.413496099999996,-121.99656069999999,4.431,0.0,0.0,0.0,0.0,0.0,0,0,0,0
173212000,0,37.4134962,-121.9965617,4.439,0.0,0.0,0.0,0.0,0.0,0,0,0,0
173312000,0,37.4134963,-121.9965627,4.448,0.0,0.0,0.0,0.0,0.0,0,0,0,0
173412000,0,37.4134964,-121.99656379999999,4.456,0.0,0.0,0.0,0.0,0.0,0,0,0,0
173512000,0,37.413496599999995,-121.9965648,4.463,0.0,0.0,0.0,0.0,0.0,0,0,0,0
173612000,0,37.413496699999996,-121.9965658,4.472,0.0,0.0,0.0,0.0,0.0,0,0,0,0
173712000,0,37.4134969,-121.99656669999999,4.479,0.0,0.0,0.0,0.0,0.0,0,0,0,0
173812000,0,37.4134971,-121.9965677,4.486,0.0,0.0,0.0,0.0,0.0,0,0,0,0
173912000,0,37.413497299999996,-121.9965687,4.494,0.0,0.0,0.0,0.0,0.0,0,0,0,0
174012000,0,37.4134975,-121.9965697,4.502,0.0,0.0,0.0,0.0,0.0,0,0,0,0
174112000,0,37.4134978,-121.99657069999999,4.511,0.0,0.0,0.0,0.0,0.0,0,0,0,0
174212000,0,37.4134981,-121.9965716,4.518,0.0,0.0,0.0,0.0,0.0,0,0,0,0
174312000,0,37.4134983,-121.9965726,4.526,0.0,0.0,0.0,0.0,0.0,0,0,0,0
174412000,0,37.4134986,-121.9965735,4.534,0.0,0.0,0.0,0.0,0.0,0,0,0,0
174512000,0,37.413499,-121.9965745,4.543,0.0,0.0,0.0,0.0,0.0,0,0,0,0
174612000,0,37.4134993,-121.9965754,4.55,0.0,0.0,0.0,0.0,0.0,0,0,0,0
174712000,0,37.413499699999996,-121.9965763,4.556,0.0,0.0,0.0,0.0,0.0,0,0,0,0
174812000,0,37.4135,-121.99657719999999,4.561,0.0,0.0,0.0,0.0,0.0,0,0,0,0
174912000,0,37.4135004,-121.9965781,4.567,0.0,0.0,0.0,0.0,0.0,0,0,0,0
175012000,0,37.4135008,-121.996579,4.573,0.0,0.0,0.0,0.0,0.0,0,0,0,0
175112000,0,37.4135013,-121.99657979999999,4.579,0.0,0.0,0.0,0.0,0.0,0,0,0,0
175212000,0,37.4135017,-121.9965807,4.585,0.0,0.0,0.0,0.0,0.0,0,0,0,0
175312000,0,37.413502199999996,-121.99658149999999,4.592,0.0,0.0,0.0,0.0,0.0,0,0,0,0
175412000,0,37.413502699999995,-121.9965824,4.599,0.0,0.0,0.0,0.0,0.0,0,0,0,0
175512000,0,37.4135031,-121.9965831,4.606,0.0,0.0,0.0,0.0,0.0,0,0,0,0
175612000,0,37.4135037,-121.996584,4.613,0.0,0.0,0.0,0.0,0.0,0,0,0,0
175712000,0,37.4135042,-121.9965847,4.621,0.0,0.0,0.0,0.0,0.0,0,0,0,0
175812000,0,37.4135047,-121.9965855,4.629,0.0,0.0,0.0,0.0,0.0,0,0,0,0
175912000,0,37.4135053,-121.99658629999999,4.637,0.0,0.0,0.0,0.0,0.0,0,0,0,0
176012000,0,37.4135059,-121.99658699999999,4.646,0.0,0.0,0.0,0.0,0.0,0,0,0,0
176112000,0,37.413506399999996,-121.99658769999999,4.654,0.0,0.0,0.0,0.0,0.0,0,0,0,0
176212000,0,37.413506999999996,-121.9965884,4.664,0.0,0.0,0.0,0.0,0.0,0,0,0,0
176312000,0,37.4135077,-121.9965891,4.673,0.0,0.0,0.0,0.0,0.0,0,0,0,0
176412000,0,37.4135083,-121.9965898,4.682,0.0,0.0,0.0,0.0,0.0,0,0,0,0
176512000,0,37.4135089,-121.99659039999999,4.691,0.0,0.0,0.0,0.0,0.0,0,0,0,0
176612000,0,37.4135096,-121.996591,4.701,0.0,0.0,0.0,0.0,0.0,0,0,0,0
176712000,0,37.4135103,-121.9965917,4.71,0.0,0.0,0.0,0.0,0.0,0,0,0,0
176812000,0,37.413511,-121.99659229999999,4.72,0.0,0.0,0.0,0.0,0.0,0,0,0,0
176912000,0,37.4135117,-121.99659279999999,4.728,0.0,0.0,0.0,0.0,0.0,0,0,0,0
177012000,0,37.413512399999995,-121.9965934,4.738,0.0,0.0,0.0,0.0,0.0,0,0,0,0
177112000,0,37.413513099999996,-121.99659399999999,4.748,0.0,0.0,0.0,0.0,0.0,0,0,0,0
177212000,0,37.4135138,-121.9965945,4.757,0.0,0.0,0.0,0.0,0.0,0,0,0,0
177312000,0,37.4135146,-121.996595,4.766,0.0,0.0,0.0,0.0,0.0,0,0,0,0
177412000,0,37.4135153,-121.99659539999999,4.775,0.0,0.0,0.0,0.0,0.0,0,0,0,0
177512000,0,37.413516099999995,-121.99659589999999,4.784,0.0,0.0,0.0,0.0,0.0,0,0,0,0
177612000,0,37.4135169,-121.9965964,4.794,0.0,0.0,0.0,0.0,0.0,0,0,0,0
177712000,0,37.4135176,-121.99659679999999,4.803,0.0,0.0,0.0,0.0,0.0,0,0,0,0
177812000,0,37.4135184,-121.9965972,4.812,0.0,0.0,0.0,0.0,0.0,0,0,0,0
177912000,0,37.413519199999996,-121.9965975,4.821,0.0,0.0,0.0,0.0,0.0,0,0,0,0
178012000,0,37.41352,-121.9965979,4.829,0.0,0.0,0.0,0.0,0.0,0,0,0,0
178112000,0,37.4135208,-121.9965982,4.838,0.0,0.0,0.0,0.0,0.0,0,0,0,0
178212000,0,37.413521599999996,-121.99659849999999,4.847,0.0,0.0,0.0,0.0,0.0,0,0,0,0
178312000,0,37.4135224,-121.99659869999999,4.856,0.0,0.0,0.0,0.0,0.0,0,0,0,0
178412000,0,37.4135232,-121.99659899999999,4.864,0.0,0.0,0.0,0.0,0.0,0,0,0,0
178512000,0,37.4135241,-121.99659919999999,4.873,0.0,0.0,0.0,0.0,0.0,0,0,0,0
178612000,0,37.4135249,-121.9965993,4.881,0.0,0.0,0.0,0.0,0.0,0,0,0,0
178712000,0,37.4135257,-121.99659949999999,4.89,0.0,0.0,0.0,0.0,0.0,0,0,0,0
178812000,0,37.413526499999996,-121.9965996,4.898,0.0,0.0,0.0,0.0,0.0,0,0,0,0
178912000,0,37.4135273,-121.99659969999999,4.906,0.0,0.0,0.0,0.0,0.0,0,0,0,0
179012000,0,37.4135282,-121.9965998,4.915,0.0,0.0,0.0,0.0,0.0,0,0,0,0
179112000,0,37.413529,-121.9965998,4.924,0.0,0.0,0.0,0.0,0.0,0,0,0,0
179212000,0,37.4135298,-121.9965998,4.932,0.0,0.0,0.0,0.0,0.0,0,0,0,0
179312000,0,37.413530699999995,-121.9965998,4.942,0.0,0.0,0.0,0.0,0.0,0,0,0,0
179412000,0,37.4135315,-121.99659969999999,4.951,0.0,0.0,0.0,0.0,0.0,0,0,0,0
179512000,0,37.4135323,-121.99659969999999,4.96,0.0,0.0,0.0,0.0,0.0,0,0,0,0
179612000,0,37.413533199999996,-121.9965996,4.969,0.0,0.0,0.0,0.0,0.0,0,0,0,0
179712000,0,37.413534,-121.9965994,4.978,0.0,0.0,0.0,0.0,0.0,0,0,0,0
179812000,0,37.4135348,-121.9965993,4.987,0.0,0.0,0.0,0.0,0.0,0,0,0,0
179912000,0,37.4135357,-121.9965991,4.997,0.0,0.0,0.0,0.0,0.0,0,0,0,0
180012000,0,37.4135364,-121.9965989,5.006,0.0,0.0,0.0,0.0,0.0,0,0,0,0
180112000,0,37.4135372,-121.99659869999999,5.016,0.0,0.0,0.0,0.0,0.0,0,0,0,0
180212000,0,37.4135381,-121.9965984,5.026,0.0,0.0,0.0,0.0,0.0,0,0,0,0
180312000,0,37.4135388,-121.9965981,5.035,0.0,0.0,0.0,0.0,0.0,0,0,0,0
180412000,0,37.4135396,-121.99659779999999,5.044,0.0,0.0,0.0,0.0,0.0,0,0,0,0
180512000,0,37.413540399999995,-121.9965975,5.055,0.0,0.0,0.0,0.0,0.0,0,0,0,0
180612000,0,37.4135412,-121.99659709999999,5.064,0.0,0.0,0.0,0.0,0.0,0,0,0,0
180712000,0,37.413542,-121.9965967,5.074,0.0,0.0,0.0,0.0,0.0,0,0,0,0
180812000,0,37.4135427,-121.9965963,5.083,0.0,0.0,0.0,0.0,0.0,0,0,0,0
180912000,0,37.413543499999996,-121.99659589999999,5.093,0.0,0.0,0.0,0.0,0.0,0,0,0,0
181012000,0,37.4135442,-121.99659539999999,5.102,0.0,0.0,0.0,0.0,0.0,0,0,0,0
181112000,0,37.4135449,-121.99659489999999,5.112,0.0,0.0,0.0,0.0,0.0,0,0,0,0
181212000,0,37.4135456,-121.99659439999999,5.12,0.0,0.0,0.0,0.0,0.0,0,0,0,0
181312000,0,37.4135463,-121.9965939,5.129,0.0,0.0,0.0,0.0,0.0,0,0,0,0
181412000,0,37.413547,-121.9965933,5.139,0.0,0.0,0.0,0.0,0.0,0,0,0,0
181512000,0,37.413547699999995,-121.99659279999999,5.147,0.0,0.0,0.0,0.0,0.0,0,0,0,0
181612000,0,37.413548299999995,-121.9965922,5.155,0.0,0.0,0.0,0.0,0.0,0,0,0,0
181712000,0,37.413548999999996,-121.99659159999999,5.164,0.0,0.0,0.0,0.0,0.0,0,0,0,0
181812000,0,37.413549599999996,-121.9965909,5.173,0.0,0.0,0.0,0.0,0.0,0,0,0,0
181912000,0,37.4135503,-121.9965903,5.182,0.0,0.0,0.0,0.0,0.0,0,0,0,0
182012000,0,37.4135509,-121.9965896,5.19,0.0,0.0,0.0,0.0,0.0,0,0,0,0
182112000,0,37.4135515,-121.99658889999999,5.199,0.0,0.0,0.0,0.0,0.0,0,0,0,0
182212000,0,37.4135521,-121.99658819999999,5.208,0.0,0.0,0.0,0.0,0.0,0,0,0,0
182312000,0,37.4135527,-121.99658749999999,5.217,0.0,0.0,0.0,0.0,0.0,0,0,0,0
182412000,0,37.413553199999996,-121.9965867,5.226,0.0,0.0,0.0,0.0,0.0,0,0,0,0
182512000,0,37.413553799999995,-121.9965859,5.234,0.0,0.0,0.0,0.0,0.0,0,0,0,0
182612000,0,37.4135543,-121.9965852,5.243,0.0,0.0,0.0,0.0,0.0,0,0,0,0
182712000,0,37.4135548,-121.9965843,5.252,0.0,0.0,0.0,0.0,0.0,0,0,0,0
182812000,0,37.4135553,-121.9965835,5.26,0.0,0.0,0.0,0.0,0.0,0,0,0,0
182912000,0,37.4135558,-121.99658269999999,5.269,0.0,0.0,0.0,0.0,0.0,0,0,0,0
183012000,0,37.413556299999996,-121.9965819,5.278,0.0,0.0,0.0,0.0,0.0,0,0,0,0
183112000,0,37.4135567,-121.9965811,5.286,0.0,0.0,0.0,0.0,0.0,0,0,0,0
183212000,0,37.4135572,-121.9965802,5.295,0.0,0.0,0.0,0.0,0.0,0,0,0,0
183312000,0,37.4135576,-121.9965793,5.303,0.0,0.0,0.0,0.0,0.0,0,0,0,0
183412000,0,37.413557999999995,-121.99657839999999,5.312,0.0,0.0,0.0,0.0,0.0,0,0,0,0
183512000,0,37.4135583,-121.9965775,5.321,0.0,0.0,0.0,0.0,0.0,0,0,0,0
183612000,0,37.413558699999996,-121.9965766,5.329,0.0,0.0,0.0,0.0,0.0,0,0,0,0
183712000,0,37.413559,-121.9965757,5.337,0.0,0.0,0.0,0.0,0.0,0,0,0,0
183812000,0,37.413559299999996,-121.9965747,5.346,0.0,0.0,0.0,0.0,0.0,0,0,0,0
183912000,0,37.4135596,-121.9965738,5.354,0.0,0.0,0.0,0.0,0.0,0,0,0,0
184012000,0,37.413559899999996,-121.99657289999999,5.362,0.0,0.0,0.0,0.0,0.0,0,0,0,0
184112000,0,37.4135602,-121.99657189999999,5.371,0.0,0.0,0.0,0.0,0.0,0,0,0,0
184212000,0,37.4135604,-121.9965709,5.379,0.0,0.0,0.0,0.0,0.0,0,0,0,0
184312000,0,37.4135606,-121.99656999999999,5.387,0.0,0.0,0.0,0.0,0.0,0,0,0,0
184412000,0,37.4135608,-121.996569,5.394,0.0,0.0,0.0,0.0,0.0,0,0,0,0
184512000,0,37.413561,-121.996568,5.402,0.0,0.0,0.0,0.0,0.0,0,0,0,0
184612000,0,37.4135612,-121.996567,5.409,0.0,0.0,0.0,0.0,0.0,0,0,0,0
184712000,0,37.4135613,-121.996566,5.417,0.0,0.0,0.0,0.0,0.0,0,0,0,0
184812000,0,37.4135615,-121.99656499999999,5.424,0.0,0.0,0.0,0.0,0.0,0,0,0,0
184912000,0,37.4135616,-121.99656399999999,5.431,0.0,0.0,0.0,0.0,0.0,0,0,0,0
185012000,0,37.413561699999995,-121.996563,5.438,0.0,0.0,0.0,0.0,0.0,0,0,0,0
185112000,0,37.4135618,-121.996562,5.445,0.0,0.0,0.0,0.0,0.0,0,0,0,0
185212000,0,37.4135618,-121.996561,5.451,0.0,0.0,0.0,0.0,0.0,0,0,0,0
185312000,0,37.4135619,-121.99655999999999,5.458,0.0,0.0,0.0,0.0,0.0,0,0,0,0
185412000,0,37.4135619,-121.99655899999999,5.464,0.0,0.0,0.0,0.0,0.0,0,0,0,0
185512000,0,37.4135619,-121.996558,5.471,0.0,0.0,0.0,0.0,0.0,0,0,0,0
185612000,0,37.4135619,-121.99655689999999,5.477,0.0,0.0,0.0,0.0,0.0,0,0,0,0
185712000,0,37.4135619,-121.996556,5.484,0.0,0.0,0.0,0.0,0.0,0,0,0,0
185812000,0,37.4135618,-121.99655489999999,5.491,0.0,0.0,0.0,0.0,0.0,0,0,0,0
185912000,0,37.4135618,-121.99655399999999,5.497,0.0,0.0,0.0,0.0,0.0,0,0,0,0
186012000,0,37.413561699999995,-121.9965529,5.503,0.0,0.0,0.0,0.0,0.0,0,0,0,0
186112000,0,37.4135616,-121.9965519,5.51,0.0,0.0,0.0,0.0,0.0,0,0,0,0
186212000,0,37.4135614,-121.99655089999999,5.519,0.0,0.0,0.0,0.0,0.0,0,0,0,0
186312000,0,37.4135613,-121.99655,5.536,0.0,0.0,0.0,0.0,0.0,0,0,0,0
186412000,0,37.4135612,-121.99654899999999,5.564,0.0,0.0,0.0,0.0,0.0,0,0,0,0
186512000,0,37.413561099999995,-121.99654819999999,5.6,0.0,0.0,0.0,0.0,0.0,0,0,0,0
186612000,0,37.413561099999995,-121.99654749999999,5.648,0.0,0.0,0.0,0.0,0.0,0,0,0,0
186712000,0,37.413561099999995,-121.9965471,5.699,0.0,0.0,0.0,0.0,0.0,0,0,0,0
186812000,0,37.413561099999995,-121.9965469,5.759,0.0,0.0,0.0,0.0,0.0,0,0,0,0
186912000,0,37.4135612,-121.9965469,5.823,0.0,0.0,0.0,0.0,0.0,0,0,0,0
187012000,0,37.4135613,-121.9965471,5.889,0.0,0.0,0.0,0.0,0.0,0,0,0,0
187112000,0,37.4135614,-121.99654729999999,5.95,0.0,0.0,0.0,0.0,0.0,0,0,0,0
187212000,0,37.4135615,-121.9965476,6.006,0.0,0.0,0.0,0.0,0.0,0,0,0,0
187312000,0,37.413561699999995,-121.99654799999999,6.054,0.0,0.0,0.0,0.0,0.0,0,0,0,0
187412000,0,37.4135618,-121.9965483,6.097,0.0,0.0,0.0,0.0,0.0,0,0,0,0
187512000,0,37.413562,-121.9965486,6.135,0.0,0.0,0.0,0.0,0.0,0,0,0,0
187612000,0,37.4135621,-121.9965489,6.174,0.0,0.0,0.0,0.0,0.0,0,0,0,0
187712000,0,37.4135622,-121.99654919999999,6.214,0.0,0.0,0.0,0.0,0.0,0,0,0,0
187812000,0,37.413562299999995,-121.9965495,6.255,0.0,0.0,0.0,0.0,0.0,0,0,0,0
187912000,0,37.413562399999996,-121.9965498,6.293,0.0,0.0,0.0,0.0,0.0,0,0,0,0
188012000,0,37.4135625,-121.99655,6.33,0.0,0.0,0.0,0.0,0.0,0,0,0,0
188112000,0,37.4135626,-121.9965503,6.368,0.0,0.0,0.0,0.0,0.0,0,0,0,0
188212000,0,37.4135627,-121.99655059999999,6.404,0.0,0.0,0.0,0.0,0.0,0,0,0,0
188312000,0,37.4135628,-121.99655089999999,6.441,0.0,0.0,0.0,0.0,0.0,0,0,0,0
188412000,0,37.4135628,-121.9965512,6.473,0.0,0.0,0.0,0.0,0.0,0,0,0,0
188512000,0,37.413562899999995,-121.9965514,6.506,0.0,0.0,0.0,0.0,0.0,0,0,0,0
188612000,0,37.413562899999995,-121.9965517,6.54,0.0,0.0,0.0,0.0,0.0,0,0,0,0
188712000,0,37.413562899999995,-121.9965519,6.57,0.0,0.0,0.0,0.0,0.0,0,0,0,0
188812000,0,37.413562899999995,-121.9965522,6.6,0.0,0.0,0.0,0.0,0.0,0,0,0,0
188912000,0,37.413562899999995,-121.9965524,6.628,0.0,0.0,0.0,0.0,0.0,0,0,0,0
189012000,0,37.413562899999995,-121.9965526,6.655,0.0,0.0,0.0,0.0,0.0,0,0,0,0
189112000,0,37.413562899999995,-121.99655279999999,6.681,0.0,0.0,0.0,0.0,0.0,0,0,0,0
189212000,0,37.413562899999995,-121.99655299999999,6.707,0.0,0.0,0.0,0.0,0.0,0,0,0,0
189312000,0,37.413562899999995,-121.9965532,6.732,0.0,0.0,0.0,0.0,0.0,0,0,0,0
189412000,0,37.413562899999995,-121.9965534,6.756,0.0,0.0,0.0,0.0,0.0,0,0,0,0
189512000,0,37.4135628,-121.99655349999999,6.779,0.0,0.0,0.0,0.0,0.0,0,0,0,0
189612000,0,37.4135628,-121.99655369999999,6.802,0.0,0.0,0.0,0.0,0.0,0,0,0,0
189712000,0,37.4135627,-121.9965538,6.823,0.0,0.0,0.0,0.0,0.0,0,0,0,0
189812000,0,37.4135627,-121.9965539,6.845,0.0,0.0,0.0,0.0,0.0,0,0,0,0
189912000,0,37.4135626,-121.99655399999999,6.865,0.0,0.0,0.0,0.0,0.0,0,0,0,0
190012000,0,37.4135626,-121.9965541,6.884,0.0,0.0,0.0,0.0,0.0,0,0,0,0
190112000,0,37.4135625,-121.99655419999999,6.903,0.0,0.0,0.0,0.0,0.0,0,0,0,0
190212000,0,37.4135625,-121.9965543,6.921,0.0,0.0,0.0,0.0,0.0,0,0,0,0
190312000,0,37.413562399999996,-121.9965544,6.939,0.0,0.0,0.0,0.0,0.0,0,0,0,0
190412000,0,37.413562399999996,-121.9965544,6.955,0.0,0.0,0.0,0.0,0.0,0,0,0,0
190512000,0,37.413562299999995,-121.99655449999999,6.972,0.0,0.0,0.0,0.0,0.0,0,0,0,0
190612000,0,37.4135622,-121.99655449999999,6.987,0.0,0.0,0.0,0.0,0.0,0,0,0,0
190712000,0,37.4135622,-121.9965546,7.002,0.0,0.0,0.0,0.0,0.0,0,0,0,0
190812000,0,37.4135621,-121.9965546,7.016,0.0,0.0,0.0,0.0,0.0,0,0,0,0
190912000,0,37.4135621,-121.9965546,7.029,0.0,0.0,0.0,0.0,0.0,0,0,0,0
191012000,0,37.413562,-121.9965546,7.043,0.0,0.0,0.0,0.0,0.0,0,0,0,0
191112000,0,37.413562,-121.9965546,7.055,0.0,0.0,0.0,0.0,0.0,0,0,0,0
191212000,0,37.4135619,-121.9965546,7.066,0.0,0.0,0.0,0.0,0.0,0,0,0,0
191312000,0,37.4135619,-121.9965546,7.078,0.0,0.0,0.0,0.0,0.0,0,0,0,0
191412000,0,37.4135618,-121.9965546,7.089,0.0,0.0,0.0,0.0,0.0,0,0,0,0
191512000,0,37.4135618,-121.9965546,7.1,0.0,0.0,0.0,0.0,0.0,0,0,0,0
191612000,0,37.4135618,-121.9965546,7.11,0.0,0.0,0.0,0.0,0.0,0,0,0,0
191712000,0,37.413561699999995,-121.9965546,7.119,0.0,0.0,0.0,0.0,0.0,0,0,0,0
191812000,0,37.413561699999995,-121.9965546,7.129,0.0,0.0,0.0,0.0,0.0,0,0,0,0
191912000,0,37.413561699999995,-121.99655449999999,7.139,0.0,0.0,0.0,0.0,0.0,0,0,0,0
192012000,0,37.4135616,-121.99655449999999,7.147,0.0,0.0,0.0,0.0,0.0,0,0,0,0
192112000,0,37.4135616,-121.99655449999999,7.156,0.0,0.0,0.0,0.0,0.0,0,0,0,0
192212000,0,37.4135616,-121.99655449999999,7.164,0.0,0.0,0.0,0.0,0.0,0,0,0,0
192312000,0,37.4135616,-121.9965544,7.172,0.0,0.0,0.0,0.0,0.0,0,0,0,0
192412000,0,37.4135615,-121.9965544,7.18,0.0,0.0,0.0,0.0,0.0,0,0,0,0
192512000,0,37.4135615,-121.9965544,7.188,0.0,0.0,0.0,0.0,0.0,0,0,0,0
192612000,0,37.4135615,-121.9965543,7.196,0.0,0.0,0.0,0.0,0.0,0,0,0,0
192712000,0,37.4135615,-121.9965543,7.203,0.0,0.0,0.0,0.0,0.0,0,0,0,0
192812000,0,37.4135615,-121.9965543,7.21,0.0,0.0,0.0,0.0,0.0,0,0,0,0
192912000,0,37.4135615,-121.9965543,7.217,0.0,0.0,0.0,0.0,0.0,0,0,0,0
193012000,0,37.4135615,-121.99655419999999,7.224,0.0,0.0,0.0,0.0,0.0,0,0,0,0
193112000,0,37.4135614,-121.99655419999999,7.23,0.0,0.0,0.0,0.0,0.0,0,0,0,0
193212000,0,37.4135614,-121.99655419999999,7.236,0.0,0.0,0.0,0.0,0.0,0,0,0,0
193312000,0,37.4135614,-121.99655419999999,7.241,0.0,0.0,0.0,0.0,0.0,0,0,0,0
193412000,0,37.4135614,-121.99655419999999,7.247,0.0,0.0,0.0,0.0,0.0,0,0,0,0
193512000,0,37.4135614,-121.9965541,7.251,0.0,0.0,0.0,0.0,0.0,0,0,0,0
193612000,0,37.4135614,-121.9965541,7.256,0.0,0.0,0.0,0.0,0.0,0,0,0,0
193712000,0,37.4135614,-121.9965541,7.26,0.0,0.0,0.0,0.0,0.0,0,0,0,0
193812000,0,37.4135614,-121.9965541,7.265,0.0,0.0,0.0,0.0,0.0,0,0,0,0
193912000,0,37.4135614,-121.9965541,7.268,0.0,0.0,0.0,0.0,0.0,0,0,0,0
194012000,0,37.4135614,-121.99655399999999,7.272,0.0,0.0,0.0,0.0,0.0,0,0,0,0
194112000,0,37.4135614,-121.99655399999999,7.275,0.0,0.0,0.0,0.0,0.0,0,0,0,0
194212000,0,37.4135614,-121.99655399999999,7.278,0.0,0.0,0.0,0.0,0.0,0,0,0,0
194312000,0,37.4135614,-121.99655399999999,7.28,0.0,0.0,0.0,0.0,0.0,0,0,0,0
194412000,0,37.4135614,-121.99655399999999,7.282,0.0,0.0,0.0,0.0,0.0,0,0,0,0
194512000,0,37.4135614,-121.9965539,7.284,0.0,0.0,0.0,0.0,0.0,0,0,0,0
194612000,0,37.4135614,-121.9965539,7.287,0.0,0.0,0.0,0.0,0.0,0,0,0,0
194712000,0,37.4135614,-121.9965539,7.288,0.0,0.0,0.0,0.0,0.0,0,0,0,0
194812000,0,37.4135614,-121.9965539,7.29,0.0,0.0,0.0,0.0,0.0,0,0,0,0
194912000,0,37.4135614,-121.9965538,7.291,0.0,0.0,0.0,0.0,0.0,0,0,0,0
195012000,0,37.4135614,-121.9965538,7.292,0.0,0.0,0.0,0.0,0.0,0,0,0,0
195112000,0,37.4135614,-121.9965538,7.293,0.0,0.0,0.0,0.0,0.0,0,0,0,0
195212000,0,37.4135614,-121.9965538,7.293,0.0,0.0,0.0,0.0,0.0,0,0,0,0
195312000,0,37.4135614,-121.9965538,7.294,0.0,0.0,0.0,0.0,0.0,0,0,0,0
195412000,0,37.4135614,-121.99655369999999,7.294,0.0,0.0,0.0,0.0,0.0,0,0,0,0
195512000,0,37.4135614,-121.99655369999999,7.294,0.0,0.0,0.0,0.0,0.0,0,0,0,0
195612000,0,37.4135614,-121.99655369999999,7.292,0.0,0.0,0.0,0.0,0.0,0,0,0,0
195712000,0,37.4135614,-121.99655369999999,7.29,0.0,0.0,0.0,0.0,0.0,0,0,0,0
195812000,0,37.4135615,-121.99655369999999,7.287,0.0,0.0,0.0,0.0,0.0,0,0,0,0
195912000,0,37.4135615,-121.9965536,7.283,0.0,0.0,0.0,0.0,0.0,0,0,0,0
196012000,0,37.4135615,-121.9965536,7.279,0.0,0.0,0.0,0.0,0.0,0,0,0,0
196112000,0,37.4135615,-121.9965536,7.275,0.0,0.0,0.0,0.0,0.0,0,0,0,0
196212000,0,37.4135615,-121.9965536,7.271,0.0,0.0,0.0,0.0,0.0,0,0,0,0
196312000,0,37.4135616,-121.9965536,7.267,0.0,0.0,0.0,0.0,0.0,0,0,0,0
196412000,0,37.4135616,-121.9965536,7.264,0.0,0.0,0.0,0.0,0.0,0,0,0,0
196512000,0,37.4135616,-121.99655349999999,7.26,0.0,0.0,0.0,0.0,0.0,0,0,0,0
196612000,0,37.4135616,-121.99655349999999,7.256,0.0,0.0,0.0,0.0,0.0,0,0,0,0
196712000,0,37.413561699999995,-121.99655349999999,7.252,0.0,0.0,0.0,0.0,0.0,0,0,0,0
196812000,0,37.413561699999995,-121.99655349999999,7.249,0.0,0.0,0.0,0.0,0.0,0,0,0,0
196912000,0,37.413561699999995,-121.9965534,7.245,0.0,0.0,0.0,0.0,0.0,0,0,0,0
197012000,0,37.413561699999995,-121.9965534,7.241,0.0,0.0,0.0,0.0,0.0,0,0,0,0
197112000,0,37.413561699999995,-121.9965534,7.238,0.0,0.0,0.0,0.0,0.0,0,0,0,0
197212000,0,37.4135618,-121.99655329999999,7.235,0.0,0.0,0.0,0.0,0.0,0,0,0,0
197312000,0,37.4135618,-121.99655329999999,7.231,0.0,0.0,0.0,0.0,0.0,0,0,0,0
197412000,0,37.4135618,-121.99655329999999,7.228,0.0,0.0,0.0,0.0,0.0,0,0,0,0
197512000,0,37.4135618,-121.9965532,7.225,0.0,0.0,0.0,0.0,0.0,0,0,0,0
197612000,0,37.4135618,-121.9965532,7.222,0.0,0.0,0.0,0.0,0.0,0,0,0,0
197712000,0,37.4135619,-121.9965532,7.219,0.0,0.0,0.0,0.0,0.0,0,0,0,0
197812000,0,37.4135619,-121.9965531,7.215,0.0,0.0,0.0,0.0,0.0,0,0,0,0
197912000,0,37.4135619,-121.9965531,7.212,0.0,0.0,0.0,0.0,0.0,0,0,0,0
198012000,0,37.4135619,-121.9965531,7.209,0.0,0.0,0.0,0.0,0.0,0,0,0,0
198112000,0,37.4135619,-121.99655299999999,7.207,0.0,0.0,0.0,0.0,0.0,0,0,0,0
198212000,0,37.4135619,-121.99655299999999,7.221,0.0,0.0,0.0,0.0,0.0,0,0,0,0
198312000,0,37.4135619,-121.99655279999999,7.253,0.0,0.0,0.0,0.0,0.0,0,0,0,0
198412000,0,37.413561699999995,-121.99655249999999,7.288,0.0,0.0,0.0,0.0,0.0,0,0,0,0
198512000,0,37.4135615,-121.996552,7.319,0.0,0.0,0.0,0.0,0.0,0,0,0,0
198612000,0,37.413561099999995,-121.9965514,7.348,0.0,0.0,0.0,0.0,0.0,0,0,0,0
198712000,0,37.4135608,-121.9965508,7.372,0.0,0.0,0.0,0.0,0.0,0,0,0,0
198812000,0,37.4135604,-121.9965501,7.393,0.0,0.0,0.0,0.0,0.0,0,0,0,0
198912000,0,37.41356,-121.9965493,7.412,0.0,0.0,0.0,0.0,0.0,0,0,0,0
199012000,0,37.4135595,-121.99654849999999,7.429,0.0,0.0,0.0,0.0,0.0,0,0,0,0
199112000,0,37.4135591,-121.9965477,7.442,0.0,0.0,0.0,0.0,0.0,0,0,0,0
199212000,0,37.4135586,-121.99654679999999,7.454,0.0,0.0,0.0,0.0,0.0,0,0,0,0
199312000,0,37.413558099999996,-121.9965459,7.463,0.0,0.0,0.0,0.0,0.0,0,0,0,0
199412000,0,37.4135576,-121.996545,7.471,0.0,0.0,0.0,0.0,0.0,0,0,0,0
199512000,0,37.4135571,-121.9965441,7.478,0.0,0.0,0.0,0.0,0.0,0,0,0,0
199612000,0,37.4135566,-121.9965431,7.483,0.0,0.0,0.0,0.0,0.0,0,0,0,0
199712000,0,37.4135561,-121.9965422,7.487,0.0,0.0,0.0,0.0,0.0,0,0,0,0
199812000,0,37.413555599999995,-121.9965412,7.491,0.0,0.0,0.0,0.0,0.0,0,0,0,0
199912000,0,37.413555099999996,-121.9965402,7.493,0.0,0.0,0.0,0.0,0.0,0,0,0,0
200012000,0,37.4135546,-121.9965392,7.495,0.0,0.0,0.0,0.0,0.0,0,0,0,0
200112000,0,37.4135541,-121.9965383,7.497,0.0,0.0,0.0,0.0,0.0,0,0,0,0
200212000,0,37.4135535,-121.9965373,7.497,0.0,0.0,0.0,0.0,0.0,0,0,0,0
200312000,0,37.413553,-121.99653629999999,7.498,0.0,0.0,0.0,0.0,0.0,0,0,0,0
200412000,0,37.4135525,-121.99653529999999,7.498,0.0,0.0,0.0,0.0,0.0,0,0,0,0
200512000,0,37.4135519,-121.99653439999999,7.498,0.0,0.0,0.0,0.0,0.0,0,0,0,0
200612000,0,37.413551399999996,-121.9965335,7.497,0.0,0.0,0.0,0.0,0.0,0,0,0,0
200712000,0,37.413550799999996,-121.9965325,7.496,0.0,0.0,0.0,0.0,0.0,0,0,0,0
200812000,0,37.4135503,-121.9965316,7.494,0.0,0.0,0.0,0.0,0.0,0,0,0,0
200912000,0,37.4135497,-121.9965307,7.492,0.0,0.0,0.0,0.0,0.0,0,0,0,0
201012000,0,37.4135491,-121.99652979999999,7.49,0.0,0.0,0.0,0.0,0.0,0,0,0,0
201112000,0,37.4135485,-121.996529,7.488,0.0,0.0,0.0,0.0,0.0,0,0,0,0
201212000,0,37.4135479,-121.9965282,7.485,0.0,0.0,0.0,0.0,0.0,0,0,0,0
201312000,0,37.4135472,-121.99652739999999,7.483,0.0,0.0,0.0,0.0,0.0,0,0,0,0
201412000,0,37.4135466,-121.9965266,7.48,0.0,0.0,0.0,0.0,0.0,0,0,0,0
201512000,0,37.413545899999995,-121.9965259,7.477,0.0,0.0,0.0,0.0,0.0,0,0,0,0
201612000,0,37.4135452,-121.9965252,7.474,0.0,0.0,0.0,0.0,0.0,0,0,0,0
201712000,0,37.4135446,-121.9965246,7.47,0.0,0.0,0.0,0.0,0.0,0,0,0,0
201812000,0,37.4135438,-121.9965239,7.467,0.0,0.0,0.0,0.0,0.0,0,0,0,0
201912000,0,37.4135432,-121.9965234,7.464,0.0,0.0,0.0,0.0,0.0,0,0,0,0
202012000,0,37.4135424,-121.9965228,7.46,0.0,0.0,0.0,0.0,0.0,0,0,0,0
202112000,0,37.413541699999996,-121.9965223,7.457,0.0,0.0,0.0,0.0,0.0,0,0,0,0
202212000,0,37.413540999999995,-121.99652189999999,7.453,0.0,0.0,0.0,0.0,0.0,0,0,0,0
202312000,0,37.4135402,-121.9965215,7.448,0.0,0.0,0.0,0.0,0.0,0,0,0,0
202412000,0,37.4135395,-121.9965211,7.443,0.0,0.0,0.0,0.0,0.0,0,0,0,0
202512000,0,37.4135387,-121.99652069999999,7.438,0.0,0.0,0.0,0.0,0.0,0,0,0,0
202612000,0,37.4135379,-121.9965204,7.433,0.0,0.0,0.0,0.0,0.0,0,0,0,0
202712000,0,37.4135372,-121.9965201,7.428,0.0,0.0,0.0,0.0,0.0,0,0,0,0
202812000,0,37.4135364,-121.9965199,7.423,0.0,0.0,0.0,0.0,0.0,0,0,0,0
202912000,0,37.413535599999996,-121.9965197,7.419,0.0,0.0,0.0,0.0,0.0,0,0,0,0
203012000,0,37.4135348,-121.99651949999999,7.414,0.0,0.0,0.0,0.0,0.0,0,0,0,0
203112000,0,37.4135341,-121.99651929999999,7.411,0.0,0.0,0.0,0.0,0.0,0,0,0,0
203212000,0,37.4135333,-121.9965192,7.408,0.0,0.0,0.0,0.0,0.0,0,0,0,0
203312000,0,37.413532499999995,-121.9965191,7.405,0.0,0.0,0.0,0.0,0.0,0,0,0,0
203412000,0,37.4135317,-121.9965191,7.403,0.0,0.0,0.0,0.0,0.0,0,0,0,0
203512000,0,37.4135309,-121.99651899999999,7.401,0.0,0.0,0.0,0.0,0.0,0,0,0,0
203612000,0,37.413530099999996,-121.99651899999999,7.399,0.0,0.0,0.0,0.0,0.0,0,0,0,0
203712000,0,37.4135294,-121.99651899999999,7.398,0.0,0.0,0.0,0.0,0.0,0,0,0,0
203812000,0,37.4135286,-121.9965191,7.397,0.0,0.0,0.0,0.0,0.0,0,0,0,0
203912000,0,37.4135278,-121.9965192,7.395,0.0,0.0,0.0,0.0,0.0,0,0,0,0
204012000,0,37.413527099999996,-121.99651929999999,7.394,0.0,0.0,0.0,0.0,0.0,0,0,0,0
204112000,0,37.4135263,-121.9965194,7.393,0.0,0.0,0.0,0.0,0.0,0,0,0,0
204212000,0,37.4135255,-121.99651949999999,7.392,0.0,0.0,0.0,0.0,0.0,0,0,0,0
204312000,0,37.4135248,-121.9965197,7.39,0.0,0.0,0.0,0.0,0.0,0,0,0,0
204412000,0,37.413523999999995,-121.9965199,7.389,0.0,0.0,0.0,0.0,0.0,0,0,0,0
204512000,0,37.4135233,-121.9965201,7.388,0.0,0.0,0.0,0.0,0.0,0,0,0,0
204612000,0,37.4135225,-121.9965203,7.387,0.0,0.0,0.0,0.0,0.0,0,0,0,0
204712000,0,37.4135218,-121.9965206,7.386,0.0,0.0,0.0,0.0,0.0,0,0,0,0
204812000,0,37.413520999999996,-121.9965209,7.384,0.0,0.0,0.0,0.0,0.0,0,0,0,0
204912000,0,37.413520399999996,-121.99652119999999,7.383,0.0,0.0,0.0,0.0,0.0,0,0,0,0
205012000,0,37.4135196,-121.9965215,7.382,0.0,0.0,0.0,0.0,0.0,0,0,0,0
205112000,0,37.4135189,-121.9965218,7.381,0.0,0.0,0.0,0.0,0.0,0,0,0,0
205212000,0,37.4135182,-121.99652209999999,7.38,0.0,0.0,0.0,0.0,0.0,0,0,0,0
205312000,0,37.4135175,-121.9965225,7.379,0.0,0.0,0.0,0.0,0.0,0,0,0,0
205412000,0,37.4135168,-121.99652289999999,7.378,0.0,0.0,0.0,0.0,0.0,0,0,0,0
205512000,0,37.413516099999995,-121.99652329999999,7.377,0.0,0.0,0.0,0.0,0.0,0,0,0,0
205612000,0,37.4135154,-121.9965237,7.376,0.0,0.0,0.0,0.0,0.0,0,0,0,0
205712000,0,37.4135148,-121.9965242,7.375,0.0,0.0,0.0,0.0,0.0,0,0,0,0
205812000,0,37.4135141,-121.9965246,7.374,0.0,0.0,0.0,0.0,0.0,0,0,0,0
205912000,0,37.4135135,-121.9965251,7.373,0.0,0.0,0.0,0.0,0.0,0,0,0,0
206012000,0,37.4135128,-121.9965256,7.371,0.0,0.0,0.0,0.0,0.0,0,0,0,0
206112000,0,37.4135122,-121.9965261,7.37,0.0,0.0,0.0,0.0,0.0,0,0,0,0
206212000,0,37.4135116,-121.99652669999999,7.368,0.0,0.0,0.0,0.0,0.0,0,0,0,0
206312000,0,37.4135109,-121.99652719999999,7.366,0.0,0.0,0.0,0.0,0.0,0,0,0,0
206412000,0,37.4135104,-121.9965278,7.365,0.0,0.0,0.0,0.0,0.0,0,0,0,0
206512000,0,37.4135098,-121.99652839999999,7.363,0.0,0.0,0.0,0.0,0.0,0,0,0,0
206612000,0,37.4135092,-121.996529,7.361,0.0,0.0,0.0,0.0,0.0,0,0,0,0
206712000,0,37.4135086,-121.99652959999999,7.36,0.0,0.0,0.0,0.0,0.0,0,0,0,0
206812000,0,37.4135081,-121.9965302,7.358,0.0,0.0,0.0,0.0,0.0,0,0,0,0
206912000,0,37.4135075,-121.9965309,7.357,0.0,0.0,0.0,0.0,0.0,0,0,0,0
207012000,0,37.413506999999996,-121.9965316,7.356,0.0,0.0,0.0,0.0,0.0,0,0,0,0
207112000,0,37.4135065,-121.99653219999999,7.355,0.0,0.0,0.0,0.0,0.0,0,0,0,0
207212000,0,37.413506,-121.99653289999999,7.354,0.0,0.0,0.0,0.0,0.0,0,0,0,0
207312000,0,37.4135055,-121.99653359999999,7.353,0.0,0.0,0.0,0.0,0.0,0,0,0,0
207412000,0,37.413505,-121.99653439999999,7.352,0.0,0.0,0.0,0.0,0.0,0,0,0,0
207512000,0,37.413504599999996,-121.99653509999999,7.352,0.0,0.0,0.0,0.0,0.0,0,0,0,0
207612000,0,37.4135041,-121.9965359,7.351,0.0,0.0,0.0,0.0,0.0,0,0,0,0
207712000,0,37.4135037,-121.9965366,7.35,0.0,0.0,0.0,0.0,0.0,0,0,0,0
207812000,0,37.4135032,-121.9965374,7.35,0.0,0.0,0.0,0.0,0.0,0,0,0,0
207912000,0,37.413502799999996,-121.99653819999999,7.349,0.0,0.0,0.0,0.0,0.0,0,0,0,0
208012000,0,37.4135024,-121.996539,7.349,0.0,0.0,0.0,0.0,0.0,0,0,0,0
208112000,0,37.413502099999995,-121.9965398,7.348,0.0,0.0,0.0,0.0,0.0,0,0,0,0
208212000,0,37.4135017,-121.99654059999999,7.348,0.0,0.0,0.0,0.0,0.0,0,0,0,0
208312000,0,37.4135014,-121.9965414,7.348,0.0,0.0,0.0,0.0,0.0,0,0,0,0
208412000,0,37.4135011,-121.9965423,7.348,0.0,0.0,0.0,0.0,0.0,0,0,0,0
208512000,0,37.4135008,-121.9965431,7.347,0.0,0.0,0.0,0.0,0.0,0,0,0,0
208612000,0,37.4135005,-121.99654389999999,7.347,0.0,0.0,0.0,0.0,0.0,0,0,0,0
208712000,0,37.4135002,-121.9965448,7.347,0.0,0.0,0.0,0.0,0.0,0,0,0,0
208812000,0,37.4135,-121.99654559999999,7.347,0.0,0.0,0.0,0.0,0.0,0,0,0,0
208912000,0,37.4134998,-121.9965465,7.346,0.0,0.0,0.0,0.0,0.0,0,0,0,0
209012000,0,37.4134996,-121.9965474,7.346,0.0,0.0,0.0,0.0,0.0,0,0,0,0
209112000,0,37.4134994,-121.9965483,7.346,0.0,0.0,0.0,0.0,0.0,0,0,0,0
209212000,0,37.4134992,-121.99654919999999,7.346,0.0,0.0,0.0,0.0,0.0,0,0,0,0
209312000,0,37.413499,-121.9965501,7.346,0.0,0.0,0.0,0.0,0.0,0,0,0,0
209412000,0,37.4134989,-121.996551,7.346,0.0,0.0,0.0,0.0,0.0,0,0,0,0
209512000,0,37.4134988,-121.9965519,7.346,0.0,0.0,0.0,0.0,0.0,0,0,0,0
209612000,0,37.4134987,-121.99655279999999,7.346,0.0,0.0,0.0,0.0,0.0,0,0,0,0
209712000,0,37.4134986,-121.99655369999999,7.346,0.0,0.0,0.0,0.0,0.0,0,0,0,0
209812000,0,37.413498499999996,-121.9965546,7.346,0.0,0.0,0.0,0.0,0.0,0,0,0,0
209912000,0,37.413498499999996,-121.9965555,7.347,0.0,0.0,0.0,0.0,0.0,0,0,0,0
210012000,0,37.4134984,-121.9965565,7.347,0.0,0.0,0.0,0.0,0.0,0,0,0,0
210112000,0,37.4134984,-121.9965574,7.347,0.0,0.0,0.0,0.0,0.0,0,0,0,0
210212000,0,37.4134984,-121.99655829999999,7.347,0.0,0.0,0.0,0.0,0.0,0,0,0,0
210312000,0,37.4134984,-121.9965592,7.347,0.0,0.0,0.0,0.0,0.0,0,0,0,0
210412000,0,37.4134984,-121.9965601,7.347,0.0,0.0,0.0,0.0,0.0,0,0,0,0
210512000,0,37.4134984,-121.9965611,7.347,0.0,0.0,0.0,0.0,0.0,0,0,0,0
210612000,0,37.413498499999996,-121.996562,7.348,0.0,0.0,0.0,0.0,0.0,0,0,0,0
210712000,0,37.413498499999996,-121.9965629,7.348,0.0,0.0,0.0,0.0,0.0,0,0,0,0
210812000,0,37.4134986,-121.9965639,7.348,0.0,0.0,0.0,0.0,0.0,0,0,0,0
210912000,0,37.4134987,-121.9965648,7.348,0.0,0.0,0.0,0.0,0.0,0,0,0,0
211012000,0,37.4134988,-121.99656569999999,7.348,0.0,0.0,0.0,0.0,0.0,0,0,0,0
211112000,0,37.4134989,-121.9965666,7.349,0.0,0.0,0.0,0.0,0.0,0,0,0,0
211212000,0,37.413499099999996,-121.9965675,7.349,0.0,0.0,0.0,0.0,0.0,0,0,0,0
211312000,0,37.4134992,-121.9965684,7.349,0.0,0.0,0.0,0.0,0.0,0,0,0,0
211412000,0,37.4134994,-121.99656929999999,7.35,0.0,0.0,0.0,0.0,0.0,0,0,0,0
211512000,0,37.4134996,-121.9965702,7.351,0.0,0.0,0.0,0.0,0.0,0,0,0,0
211612000,0,37.4134998,-121.9965711,7.351,0.0,0.0,0.0,0.0,0.0,0,0,0,0
211712000,0,37.4135,-121.996572,7.352,0.0,0.0,0.0,0.0,0.0,0,0,0,0
211812000,0,37.413500299999995,-121.99657289999999,7.353,0.0,0.0,0.0,0.0,0.0,0,0,0,0
211912000,0,37.4135005,-121.9965738,7.354,0.0,0.0,0.0,0.0,0.0,0,0,0,0
212012000,0,37.4135008,-121.99657459999999,7.355,0.0,0.0,0.0,0.0,0.0,0,0,0,0
212112000,0,37.4135011,-121.99657549999999,7.356,0.0,0.0,0.0,0.0,0.0,0,0,0,0
212212000,0,37.413501499999995,-121.9965764,7.357,0.0,0.0,0.0,0.0,0.0,0,0,0,0
212312000,0,37.4135018,-121.99657719999999,7.359,0.0,0.0,0.0,0.0,0.0,0,0,0,0
212412000,0,37.413502099999995,-121.996578,7.36,0.0,0.0,0.0,0.0,0.0,0,0,0,0
212512000,0,37.4135025,-121.9965788,7.362,0.0,0.0,0.0,0.0,0.0,0,0,0,0
212612000,0,37.4135029,-121.9965797,7.363,0.0,0.0,0.0,0.0,0.0,0,0,0,0
212712000,0,37.413503299999995,-121.9965804,7.365,0.0,0.0,0.0,0.0,0.0,0,0,0,0
212812000,0,37.4135037,-121.9965812,7.367,0.0,0.0,0.0,0.0,0.0,0,0,0,0
212912000,0,37.4135042,-121.99658199999999,7.369,0.0,0.0,0.0,0.0,0.0,0,0,0,0
213012000,0,37.413504599999996,-121.99658269999999,7.371,0.0,0.0,0.0,0.0,0.0,0,0,0,0
213112000,0,37.4135051,-121.9965835,7.373,0.0,0.0,0.0,0.0,0.0,0,0,0,0
213212000,0,37.4135056,-121.9965842,7.375,0.0,0.0,0.0,0.0,0.0,0,0,0,0
213312000,0,37.4135061,-121.99658489999999,7.377,0.0,0.0,0.0,0.0,0.0,0,0,0,0
213412000,0,37.4135066,-121.99658559999999,7.379,0.0,0.0,0.0,0.0,0.0,0,0,0,0
213512000,0,37.4135071,-121.99658629999999,7.381,0.0,0.0,0.0,0.0,0.0,0,0,0,0
213612000,0,37.413507599999996,-121.99658699999999,7.384,0.0,0.0,0.0,0.0,0.0,0,0,0,0
213712000,0,37.413508199999995,-121.9965876,7.386,0.0,0.0,0.0,0.0,0.0,0,0,0,0
213812000,0,37.4135087,-121.9965883,7.389,0.0,0.0,0.0,0.0,0.0,0,0,0,0
213912000,0,37.4135093,-121.99658889999999,7.392,0.0,0.0,0.0,0.0,0.0,0,0,0,0
214012000,0,37.4135098,-121.9965895,7.394,0.0,0.0,0.0,0.0,0.0,0,0,0,0
214112000,0,37.4135105,-121.99659009999999,7.397,0.0,0.0,0.0,0.0,0.0,0,0,0,0
214212000,0,37.4135111,-121.9965907,7.4,0.0,0.0,0.0,0.0,0.0,0,0,0,0
214312000,0,37.4135117,-121.9965912,7.403,0.0,0.0,0.0,0.0,0.0,0,0,0,0
214412000,0,37.4135123,-121.9965917,7.406,0.0,0.0,0.0,0.0,0.0,0,0,0,0
214512000,0,37.4135129,-121.99659229999999,7.409,0.0,0.0,0.0,0.0,0.0,0,0,0,0
214612000,0,37.4135136,-121.99659279999999,7.412,0.0,0.0,0.0,0.0,0.0,0,0,0,0
214712000,0,37.4135142,-121.99659319999999,7.414,0.0,0.0,0.0,0.0,0.0,0,0,0,0
214812000,0,37.413514899999996,-121.99659369999999,7.417,0.0,0.0,0.0,0.0,0.0,0,0,0,0
214912000,0,37.413515499999995,-121.9965941,7.42,0.0,0.0,0.0,0.0,0.0,0,0,0,0
215012000,0,37.4135162,-121.9965946,7.423,0.0,0.0,0.0,0.0,0.0,0,0,0,0
215112000,0,37.4135168,-121.996595,7.425,0.0,0.0,0.0,0.0,0.0,0,0,0,0
215212000,0,37.4135175,-121.9965953,7.428,0.0,0.0,0.0,0.0,0.0,0,0,0,0
215312000,0,37.4135182,-121.9965957,7.43,0.0,0.0,0.0,0.0,0.0,0,0,0,0
215412000,0,37.4135189,-121.99659609999999,7.433,0.0,0.0,0.0,0.0,0.0,0,0,0,0
215512000,0,37.4135196,-121.9965964,7.436,0.0,0.0,0.0,0.0,0.0,0,0,0,0
215612000,0,37.413520399999996,-121.9965967,7.439,0.0,0.0,0.0,0.0,0.0,0,0,0,0
215712000,0,37.413520999999996,-121.9965969,7.441,0.0,0.0,0.0,0.0,0.0,0,0,0,0
215812000,0,37.4135218,-121.9965972,7.444,0.0,0.0,0.0,0.0,0.0,0,0,0,0
215912000,0,37.4135225,-121.9965974,7.446,0.0,0.0,0.0,0.0,0.0,0,0,0,0
216012000,0,37.4135232,-121.9965976,7.449,0.0,0.0,0.0,0.0,0.0,0,0,0,0
216112000,0,37.4135239,-121.99659779999999,7.451,0.0,0.0,0.0,0.0,0.0,0,0,0,0
216212000,0,37.413524699999996,-121.99659799999999,7.454,0.0,0.0,0.0,0.0,0.0,0,0,0,0
216312000,0,37.4135254,-121.9965981,7.456,0.0,0.0,0.0,0.0,0.0,0,0,0,0
216412000,0,37.4135262,-121.9965982,7.459,0.0,0.0,0.0,0.0,0.0,0,0,0,0
216512000,0,37.4135269,-121.99659829999999,7.462,0.0,0.0,0.0,0.0,0.0,0,0,0,0
216612000,0,37.413527599999995,-121.9965984,7.465,0.0,0.0,0.0,0.0,0.0,0,0,0,0
216712000,0,37.4135284,-121.9965984,7.467,0.0,0.0,0.0,0.0,0.0,0,0,0,0
216812000,0,37.4135291,-121.99659849999999,7.47,0.0,0.0,0.0,0.0,0.0,0,0,0,0
216912000,0,37.4135298,-121.99659849999999,7.473,0.0,0.0,0.0,0.0,0.0,0,0,0,0
217012000,0,37.4135306,-121.9965984,7.475,0.0,0.0,0.0,0.0,0.0,0,0,0,0
217112000,0,37.413531299999995,-121.9965984,7.478,0.0,0.0,0.0,0.0,0.0,0,0,0,0
217212000,0,37.4135321,-121.99659829999999,7.48,0.0,0.0,0.0,0.0,0.0,0,0,0,0
217312000,0,37.4135328,-121.99659829999999,7.482,0.0,0.0,0.0,0.0,0.0,0,0,0,0
217412000,0,37.4135335,-121.9965982,7.485,0.0,0.0,0.0,0.0,0.0,0,0,0,0
217512000,0,37.4135342,-121.99659799999999,7.487,0.0,0.0,0.0,0.0,0.0,0,0,0,0
217612000,0,37.413534999999996,-121.9965979,7.488,0.0,0.0,0.0,0.0,0.0,0,0,0,0
217712000,0,37.4135357,-121.9965977,7.49,0.0,0.0,0.0,0.0,0.0,0,0,0,0
217812000,0,37.4135364,-121.9965975,7.492,0.0,0.0,0.0,0.0,0.0,0,0,0,0
217912000,0,37.4135371,-121.99659729999999,7.493,0.0,0.0,0.0,0.0,0.0,0,0,0,0
218012000,0,37.4135378,-121.99659709999999,7.495,0.0,0.0,0.0,0.0,0.0,0,0,0,0
218112000,0,37.4135385,-121.99659679999999,7.496,0.0,0.0,0.0,0.0,0.0,0,0,0,0
218212000,0,37.413539199999995,-121.9965965,7.497,0.0,0.0,0.0,0.0,0.0,0,0,0,0
218312000,0,37.413539799999995,-121.9965962,7.497,0.0,0.0,0.0,0.0,0.0,0,0,0,0
218412000,0,37.413540499999996,-121.99659589999999,7.498,0.0,0.0,0.0,0.0,0.0,0,0,0,0
218512000,0,37.4135412,-121.99659559999999,7.499,0.0,0.0,0.0,0.0,0.0,0,0,0,0
218612000,0,37.4135419,-121.9965952,7.499,0.0,0.0,0.0,0.0,0.0,0,0,0,0
218712000,0,37.4135425,-121.9965948,7.5,0.0,0.0,0.0,0.0,0.0,0,0,0,0
218812000,0,37.4135431,-121.99659439999999,7.5,0.0,0.0,0.0,0.0,0.0,0,0,0,0
218912000,0,37.4135437,-121.99659399999999,7.5,0.0,0.0,0.0,0.0,0.0,0,0,0,0
219012000,0,37.4135444,-121.99659349999999,7.5,0.0,0.0,0.0,0.0,0.0,0,0,0,0
219112000,0,37.4135449,-121.9965931,7.5,0.0,0.0,0.0,0.0,0.0,0,0,0,0
219212000,0,37.4135455,-121.9965926,7.499,0.0,0.0,0.0,0.0,0.0,0,0,0,0
219312000,0,37.4135461,-121.9965921,7.499,0.0,0.0,0.0,0.0,0.0,0,0,0,0
219412000,0,37.4135467,-121.9965915,7.498,0.0,0.0,0.0,0.0,0.0,0,0,0,0
219512000,0,37.4135473,-121.996591,7.497,0.0,0.0,0.0,0.0,0.0,0,0,0,0
219612000,0,37.413547799999996,-121.9965905,7.497,0.0,0.0,0.0,0.0,0.0,0,0,0,0
219712000,0,37.413548399999996,-121.99658989999999,7.496,0.0,0.0,0.0,0.0,0.0,0,0,0,0
219812000,0,37.413548899999995,-121.9965893,7.496,0.0,0.0,0.0,0.0,0.0,0,0,0,0
219912000,0,37.4135494,-121.99658869999999,7.495,0.0,0.0,0.0,0.0,0.0,0,0,0,0
220012000,0,37.4135499,-121.9965881,7.494,0.0,0.0,0.0,0.0,0.0,0,0,0,0
220112000,0,37.4135505,-121.9965874,7.494,0.0,0.0,0.0,0.0,0.0,0,0,0,0
220212000,0,37.4135509,-121.99658679999999,7.493,0.0,0.0,0.0,0.0,0.0,0,0,0,0
220312000,0,37.413551399999996,-121.9965862,7.493,0.0,0.0,0.0,0.0,0.0,0,0,0,0
220412000,0,37.4135519,-121.9965855,7.492,0.0,0.0,0.0,0.0,0.0,0,0,0,0
220512000,0,37.4135523,-121.9965848,7.491,0.0,0.0,0.0,0.0,0.0,0,0,0,0
220612000,0,37.4135528,-121.99658409999999,7.491,0.0,0.0,0.0,0.0,0.0,0,0,0,0
220712000,0,37.413553199999996,-121.99658339999999,7.49,0.0,0.0,0.0,0.0,0.0,0,0,0,0
220812000,0,37.4135537,-121.99658269999999,7.489,0.0,0.0,0.0,0.0,0.0,0,0,0,0
220912000,0,37.4135541,-121.9965819,7.488,0.0,0.0,0.0,0.0,0.0,0,0,0,0
221012000,0,37.4135545,-121.9965812,7.487,0.0,0.0,0.0,0.0,0.0,0,0,0,0
221112000,0,37.4135549,-121.9965804,7.486,0.0,0.0,0.0,0.0,0.0,0,0,0,0
221212000,0,37.4135553,-121.99657959999999,7.484,0.0,0.0,0.0,0.0,0.0,0,0,0,0
221312000,0,37.413555599999995,-121.99657889999999,7.482,0.0,0.0,0.0,0.0,0.0,0,0,0,0
221412000,0,37.413556,-121.9965781,7.481,0.0,0.0,0.0,0.0,0.0,0,0,0,0
221512000,0,37.413556299999996,-121.99657719999999,7.479,0.0,0.0,0.0,0.0,0.0,0,0,0,0
221612000,0,37.4135566,-121.9965764,7.476,0.0,0.0,0.0,0.0,0.0,0,0,0,0
221712000,0,37.413556899999996,-121.9965756,7.474,0.0,0.0,0.0,0.0,0.0,0,0,0,0
221812000,0,37.4135572,-121.99657479999999,7.472,0.0,0.0,0.0,0.0,0.0,0,0,0,0
221912000,0,37.413557499999996,-121.9965739,7.469,0.0,0.0,0.0,0.0,0.0,0,0,0,0
222012000,0,37.4135578,-121.996573,7.466,0.0,0.0,0.0,0.0,0.0,0,0,0,0
222112000,0,37.413557999999995,-121.99657219999999,7.464,0.0,0.0,0.0,0.0,0.0,0,0,0,0
222212000,0,37.4135583,-121.9965713,7.461,0.0,0.0,0.0,0.0,0.0,0,0,0,0
222312000,0,37.4135585,-121.9965704,7.458,0.0,0.0,0.0,0.0,0.0,0,0,0,0
222412000,0,37.413558699999996,-121.99656949999999,7.455,0.0,0.0,0.0,0.0,0.0,0,0,0,0
222512000,0,37.4135589,-121.99656859999999,7.452,0.0,0.0,0.0,0.0,0.0,0,0,0,0
222612000,0,37.413559,-121.9965677,7.449,0.0,0.0,0.0,0.0,0.0,0,0,0,0
222712000,0,37.4135592,-121.9965668,7.446,0.0,0.0,0.0,0.0,0.0,0,0,0,0
222812000,0,37.413559299999996,-121.9965659,7.442,0.0,0.0,0.0,0.0,0.0,0,0,0,0
222912000,0,37.4135594,-121.99656499999999,7.439,0.0,0.0,0.0,0.0,0.0,0,0,0,0
223012000,0,37.4135595,-121.99656399999999,7.436,0.0,0.0,0.0,0.0,0.0,0,0,0,0
223112000,0,37.4135596,-121.99656309999999,7.433,0.0,0.0,0.0,0.0,0.0,0,0,0,0
223212000,0,37.4135597,-121.99656209999999,7.43,0.0,0.0,0.0,0.0,0.0,0,0,0,0
223312000,0,37.4135598,-121.99656119999999,7.427,0.0,0.0,0.0,0.0,0.0,0,0,0,0
223412000,0,37.4135598,-121.99656019999999,7.424,0.0,0.0,0.0,0.0,0.0,0,0,0,0
223512000,0,37.4135598,-121.9965593,7.421,0.0,0.0,0.0,0.0,0.0,0,0,0,0
223612000,0,37.413559899999996,-121.99655829999999,7.417,0.0,0.0,0.0,0.0,0.0,0,0,0,0
223712000,0,37.4135598,-121.99655729999999,7.414,0.0,0.0,0.0,0.0,0.0,0,0,0,0
223812000,0,37.4135598,-121.99655639999999,7.411,0.0,0.0,0.0,0.0,0.0,0,0,0,0
223912000,0,37.4135598,-121.99655539999999,7.408,0.0,0.0,0.0,0.0,0.0,0,0,0,0
224012000,0,37.4135597,-121.9965544,7.405,0.0,0.0,0.0,0.0,0.0,0,0,0,0
224112000,0,37.4135596,-121.99655349999999,7.402,0.0,0.0,0.0,0.0,0.0,0,0,0,0
224212000,0,37.4135596,-121.99655249999999,7.399,0.0,0.0,0.0,0.0,0.0,0,0,0,0
224312000,0,37.4135594,-121.9965515,7.396,0.0,0.0,0.0,0.0,0.0,0,0,0,0
224412000,0,37.413559299999996,-121.9965505,7.393,0.0,0.0,0.0,0.0,0.0,0,0,0,0
224512000,0,37.4135592,-121.9965496,7.39,0.0,0.0,0.0,0.0,0.0,0,0,0,0
224612000,0,37.413559,-121.9965486,7.387,0.0,0.0,0.0,0.0,0.0,0,0,0,0
224712000,0,37.4135588,-121.9965476,7.385,0.0,0.0,0.0,0.0,0.0,0,0,0,0
224812000,0,37.4135586,-121.9965467,7.382,0.0,0.0,0.0,0.0,0.0,0,0,0,0
224912000,0,37.4135583,-121.9965457,7.379,0.0,0.0,0.0,0.0,0.0,0,0,0,0
225012000,0,37.413558099999996,-121.9965448,7.377,0.0,0.0,0.0,0.0,0.0,0,0,0,0
225112000,0,37.4135578,-121.99654389999999,7.374,0.0,0.0,0.0,0.0,0.0,0,0,0,0
225212000,0,37.413557499999996,-121.9965429,7.372,0.0,0.0,0.0,0.0,0.0,0,0,0,0
225312000,0,37.4135572,-121.99654199999999,7.369,0.0,0.0,0.0,0.0,0.0,0,0,0,0
225412000,0,37.413556899999996,-121.996541,7.367,0.0,0.0,0.0,0.0,0.0,0,0,0,0
225512000,0,37.4135565,-121.99654009999999,7.364,0.0,0.0,0.0,0.0,0.0,0,0,0,0
225612000,0,37.4135561,-121.9965392,7.362,0.0,0.0,0.0,0.0,0.0,0,0,0,0
225712000,0,37.4135558,-121.99653839999999,7.359,0.0,0.0,0.0,0.0,0.0,0,0,0,0
225812000,0,37.4135553,-121.99653749999999,7.356,0.0,0.0,0.0,0.0,0.0,0,0,0,0
225912000,0,37.4135549,-121.9965367,7.354,0.0,0.0,0.0,0.0,0.0,0,0,0,0
226012000,0,37.4135545,-121.99653579999999,7.351,0.0,0.0,0.0,0.0,0.0,0,0,0,0
226112000,0,37.413554,-121.996535,7.349,0.0,0.0,0.0,0.0,0.0,0,0,0,0
226212000,0,37.4135535,-121.9965342,7.347,0.0,0.0,0.0,0.0,0.0,0,0,0,0
226312000,0,37.413553,-121.99653339999999,7.344,0.0,0.0,0.0,0.0,0.0,0,0,0,0
226412000,0,37.4135525,-121.9965326,7.342,0.0,0.0,0.0,0.0,0.0,0,0,0,0
226512000,0,37.413551999999996,-121.9965318,7.339,0.0,0.0,0.0,0.0,0.0,0,0,0,0
226612000,0,37.413551399999996,-121.9965311,7.337,0.0,0.0,0.0,0.0,0.0,0,0,0,0
226712000,0,37.4135509,-121.99653029999999,7.335,0.0,0.0,0.0,0.0,0.0,0,0,0,0
226812000,0,37.4135503,-121.9965297,7.332,0.0,0.0,0.0,0.0,0.0,0,0,0,0
226912000,0,37.4135497,-121.996529,7.329,0.0,0.0,0.0,0.0,0.0,0,0,0,0
227012000,0,37.4135491,-121.9965283,7.327,0.0,0.0,0.0,0.0,0.0,0,0,0,0
227112000,0,37.4135485,-121.9965276,7.324,0.0,0.0,0.0,0.0,0.0,0,0,0,0
227212000,0,37.4135479,-121.996527,7.321,0.0,0.0,0.0,0.0,0.0,0,0,0,0
227312000,0,37.4135473,-121.9965264,7.318,0.0,0.0,0.0,0.0,0.0,0,0,0,0
227412000,0,37.4135466,-121.9965258,7.316,0.0,0.0,0.0,0.0,0.0,0,0,0,0
227512000,0,37.413546,-121.99652529999999,7.313,0.0,0.0,0.0,0.0,0.0,0,0,0,0
227612000,0,37.413545299999996,-121.99652479999999,7.31,0.0,0.0,0.0,0.0,0.0,0,0,0,0
227712000,0,37.4135446,-121.99652429999999,7.307,0.0,0.0,0.0,0.0,0.0,0,0,0,0
227812000,0,37.4135439,-121.99652379999999,7.303,0.0,0.0,0.0,0.0,0.0,0,0,0,0
227912000,0,37.4135432,-121.99652329999999,7.3,0.0,0.0,0.0,0.0,0.0,0,0,0,0
228012000,0,37.4135425,-121.99652289999999,7.296,0.0,0.0,0.0,0.0,0.0,0,0,0,0
228112000,0,37.4135418,-121.9965225,7.293,0.0,0.0,0.0,0.0,0.0,0,0,0,0
228212000,0,37.413541099999996,-121.99652209999999,7.29,0.0,0.0,0.0,0.0,0.0,0,0,0,0
228312000,0,37.4135403,-121.9965218,7.287,0.0,0.0,0.0,0.0,0.0,0,0,0,0
228412000,0,37.4135396,-121.99652139999999,7.283,0.0,0.0,0.0,0.0,0.0,0,0,0,0
228512000,0,37.4135388,-121.9965211,7.28,0.0,0.0,0.0,0.0,0.0,0,0,0,0
228612000,0,37.4135381,-121.9965208,7.276,0.0,0.0,0.0,0.0,0.0,0,0,0,0
228712000,0,37.413537399999996,-121.9965206,7.273,0.0,0.0,0.0,0.0,0.0,0,0,0,0
228812000,0,37.4135366,-121.9965204,7.27,0.0,0.0,0.0,0.0,0.0,0,0,0,0
228912000,0,37.4135358,-121.99652019999999,7.267,0.0,0.0,0.0,0.0,0.0,0,0,0,0
229012000,0,37.413534999999996,-121.99651999999999,7.264,0.0,0.0,0.0,0.0,0.0,0,0,0,0
229112000,0,37.413534299999995,-121.9965198,7.261,0.0,0.0,0.0,0.0,0.0,0,0,0,0
229212000,0,37.4135335,-121.9965197,7.257,0.0,0.0,0.0,0.0,0.0,0,0,0,0
229312000,0,37.4135327,-121.9965196,7.254,0.0,0.0,0.0,0.0,0.0,0,0,0,0
229412000,0,37.413532,-121.99651949999999,7.25,0.0,0.0,0.0,0.0,0.0,0,0,0,0
229512000,0,37.4135312,-121.99651949999999,7.246,0.0,0.0,0.0,0.0,0.0,0,0,0,0
229612000,0,37.4135304,-121.9965194,7.242,0.0,0.0,0.0,0.0,0.0,0,0,0,0
229712000,0,37.4135296,-121.9965194,7.238,0.0,0.0,0.0,0.0,0.0,0,0,0,0
229812000,0,37.4135288,-121.99651949999999,7.234,0.0,0.0,0.0,0.0,0.0,0,0,0,0
229912000,0,37.4135281,-121.99651949999999,7.229,0.0,0.0,0.0,0.0,0.0,0,0,0,0
230012000,0,37.4135273,-121.9965196,7.225,0.0,0.0,0.0,0.0,0.0,0,0,0,0
230112000,0,37.413526499999996,-121.9965197,7.22,0.0,0.0,0.0,0.0,0.0,0,0,0,0
230212000,0,37.4135257,-121.9965198,7.216,0.0,0.0,0.0,0.0,0.0,0,0,0,0
230312000,0,37.4135249,-121.99651999999999,7.211,0.0,0.0,0.0,0.0,0.0,0,0,0,0
230412000,0,37.4135242,-121.99652019999999,7.207,0.0,0.0,0.0,0.0,0.0,0,0,0,0
230512000,0,37.413523399999995,-121.9965204,7.202,0.0,0.0,0.0,0.0,0.0,0,0,0,0
230612000,0,37.4135226,-121.9965206,7.198,0.0,0.0,0.0,0.0,0.0,0,0,0,0
230712000,0,37.4135219,-121.9965209,7.194,0.0,0.0,0.0,0.0,0.0,0,0,0,0
230812000,0,37.4135212,-121.99652119999999,7.19,0.0,0.0,0.0,0.0,0.0,0,0,0,0
230912000,0,37.413520399999996,-121.9965215,7.186,0.0,0.0,0.0,0.0,0.0,0,0,0,0
231012000,0,37.413519699999995,-121.9965218,7.181,0.0,0.0,0.0,0.0,0.0,0,0,0,0
231112000,0,37.413519,-121.9965222,7.177,0.0,0.0,0.0,0.0,0.0,0,0,0,0
231212000,0,37.4135182,-121.99652259999999,7.173,0.0,0.0,0.0,0.0,0.0,0,0,0,0
231312000,0,37.4135175,-121.99652289999999,7.169,0.0,0.0,0.0,0.0,0.0,0,0,0,0
231412000,0,37.4135168,-121.9965234,7.165,0.0,0.0,0.0,0.0,0.0,0,0,0,0
231512000,0,37.413516099999995,-121.99652379999999,7.161,0.0,0.0,0.0,0.0,0.0,0,0,0,0
231612000,0,37.4135154,-121.99652429999999,7.156,0.0,0.0,0.0,0.0,0.0,0,0,0,0
231712000,0,37.4135147,-121.99652479999999,7.152,0.0,0.0,0.0,0.0,0.0,0,0,0,0
231812000,0,37.413514,-121.99652529999999,7.148,0.0,0.0,0.0,0.0,0.0,0,0,0,0
231912000,0,37.4135133,-121.9965258,7.144,0.0,0.0,0.0,0.0,0.0,0,0,0,0
232012000,0,37.4135127,-121.9965264,7.139,0.0,0.0,0.0,0.0,0.0,0,0,0,0
232112000,0,37.413512,-121.99652689999999,7.135,0.0,0.0,0.0,0.0,0.0,0,0,0,0
232212000,0,37.4135114,-121.9965276,7.13,0.0,0.0,0.0,0.0,0.0,0,0,0,0
232312000,0,37.4135108,-121.9965282,7.126,0.0,0.0,0.0,0.0,0.0,0,0,0,0
232412000,0,37.413510099999996,-121.9965288,7.122,0.0,0.0,0.0,0.0,0.0,0,0,0,0
232512000,0,37.413509499999996,-121.9965295,7.118,0.0,0.0,0.0,0.0,0.0,0,0,0,0
232612000,0,37.4135089,-121.9965302,7.115,0.0,0.0,0.0,0.0,0.0,0,0,0,0
232712000,0,37.4135083,-121.9965309,7.112,0.0,0.0,0.0,0.0,0.0,0,0,0,0
232812000,0,37.4135078,-121.9965316,7.109,0.0,0.0,0.0,0.0,0.0,0,0,0,0
232912000,0,37.4135072,-121.9965323,7.106,0.0,0.0,0.0,0.0,0.0,0,0,0,0
233012000,0,37.4135066,-121.9965331,7.103,0.0,0.0,0.0,0.0,0.0,0,0,0,0
233112000,0,37.4135061,-121.99653389999999,7.1,0.0,0.0,0.0,0.0,0.0,0,0,0,0
233212000,0,37.4135056,-121.9965347,7.097,0.0,0.0,0.0,0.0,0.0,0,0,0,0
233312000,0,37.4135051,-121.9965355,7.094,0.0,0.0,0.0,0.0,0.0,0,0,0,0
233412000,0,37.413504599999996,-121.99653629999999,7.09,0.0,0.0,0.0,0.0,0.0,0,0,0,0
233512000,0,37.4135041,-121.99653719999999,7.087,0.0,0.0,0.0,0.0,0.0,0,0,0,0
233612000,0,37.4135036,-121.996538,7.084,0.0,0.0,0.0,0.0,0.0,0,0,0,0
233712000,0,37.4135032,-121.99653889999999,7.081,0.0,0.0,0.0,0.0,0.0,0,0,0,0
233812000,0,37.413502699999995,-121.9965398,7.077,0.0,0.0,0.0,0.0,0.0,0,0,0,0
233912000,0,37.4135023,-121.9965407,7.074,0.0,0.0,0.0,0.0,0.0,0,0,0,0
234012000,0,37.4135019,-121.9965416,7.071,0.0,0.0,0.0,0.0,0.0,0,0,0,0
234112000,0,37.413501499999995,-121.99654249999999,7.068,0.0,0.0,0.0,0.0,0.0,0,0,0,0
234212000,0,37.4135012,-121.9965435,7.065,0.0,0.0,0.0,0.0,0.0,0,0,0,0
234312000,0,37.4135008,-121.99654439999999,7.062,0.0,0.0,0.0,0.0,0.0,0,0,0,0
234412000,0,37.4135005,-121.99654539999999,7.059,0.0,0.0,0.0,0.0,0.0,0,0,0,0
234512000,0,37.4135002,-121.9965464,7.056,0.0,0.0,0.0,0.0,0.0,0,0,0,0
234612000,0,37.4134999,-121.9965474,7.053,0.0,0.0,0.0,0.0,0.0,0,0,0,0
234712000,0,37.413499699999996,-121.9965484,7.05,0.0,0.0,0.0,0.0,0.0,0,0,0,0
234812000,0,37.4134994,-121.99654939999999,7.047,0.0,0.0,0.0,0.0,0.0,0,0,0,0
234912000,0,37.4134992,-121.99655039999999,7.044,0.0,0.0,0.0,0.0,0.0,0,0,0,0
235012000,0,37.413499,-121.9965514,7.041,0.0,0.0,0.0,0.0,0.0,0,0,0,0
235112000,0,37.4134988,-121.99655249999999,7.039,0.0,0.0,0.0,0.0,0.0,0,0,0,0
235212000,0,37.4134987,-121.9965536,7.036,0.0,0.0,0.0,0.0,0.0,0,0,0,0
235312000,0,37.4134986,-121.9965546,7.034,0.0,0.0,0.0,0.0,0.0,0,0,0,0
235412000,0,37.413498499999996,-121.99655569999999,7.034,0.0,0.0,0.0,0.0,0.0,0,0,0,0
235512000,0,37.4134984,-121.9965568,7.035,0.0,0.0,0.0,0.0,0.0,0,0,0,0
235612000,0,37.4134983,-121.99655779999999,7.037,0.0,0.0,0.0,0.0,0.0,0,0,0,0
235712000,0,37.4134983,-121.9965587,7.04,0.0,0.0,0.0,0.0,0.0,0,0,0,0
235812000,0,37.4134983,-121.9965593,7.042,0.0,0.0,0.0,0.0,0.0,0,0,0,0
235912000,0,37.4134982,-121.9965598,7.043,0.0,0.0,0.0,0.0,0.0,0,0,0,0
236012000,0,37.4134982,-121.9965601,7.042,0.0,0.0,0.0,0.0,0.0,0,0,0,0
236112000,0,37.4134982,-121.99656019999999,7.04,0.0,0.0,0.0,0.0,0.0,0,0,0,0
236212000,0,37.4134981,-121.9965601,7.042,0.0,0.0,0.0,0.0,0.0,0,0,0,0
236312000,0,37.4134981,-121.9965601,7.047,0.0,0.0,0.0,0.0,0.0,0,0,0,0
236412000,0,37.4134982,-121.99655999999999,7.054,0.0,0.0,0.0,0.0,0.0,0,0,0,0
236512000,0,37.4134984,-121.99655999999999,7.062,0.0,0.0,0.0,0.0,0.0,0,0,0,0
236612000,0,37.4134988,-121.9965599,7.073,0.0,0.0,0.0,0.0,0.0,0,0,0,0
236712000,0,37.4134993,-121.9965599,7.086,0.0,0.0,0.0,0.0,0.0,0,0,0,0
236812000,0,37.4135001,-121.9965599,7.1,0.0,0.0,0.0,0.0,0.0,0,0,0,0
236912000,0,37.4135012,-121.9965598,7.116,0.0,0.0,0.0,0.0,0.0,0,0,0,0
237012000,0,37.4135024,-121.99655969999999,7.129,0.0,0.0,0.0,0.0,0.0,0,0,0,0
237112000,0,37.4135038,-121.99655969999999,7.14,0.0,0.0,0.0,0.0,0.0,0,0,0,0
237212000,0,37.4135053,-121.9965596,7.152,0.0,0.0,0.0,0.0,0.0,0,0,0,0
237312000,0,37.413506999999996,-121.99655949999999,7.163,0.0,0.0,0.0,0.0,0.0,0,0,0,0
237412000,0,37.413508799999995,-121.99655949999999,7.172,0.0,0.0,0.0,0.0,0.0,0,0,0,0
237512000,0,37.413510599999995,-121.9965594,7.18,0.0,0.0,0.0,0.0,0.0,0,0,0,0
237612000,0,37.413512499999996,-121.9965594,7.188,0.0,0.0,0.0,0.0,0.0,0,0,0,0
237712000,0,37.4135144,-121.9965594,7.196,0.0,0.0,0.0,0.0,0.0,0,0,0,0
237812000,0,37.4135162,-121.9965594,7.204,0.0,0.0,0.0,0.0,0.0,0,0,0,0
237912000,0,37.413517899999995,-121.9965594,7.212,0.0,0.0,0.0,0.0,0.0,0,0,0,0
238012000,0,37.4135196,-121.9965594,7.221,0.0,0.0,0.0,0.0,0.0,0,0,0,0
238112000,0,37.4135211,-121.99655949999999,7.229,0.0,0.0,0.0,0.0,0.0,0,0,0,0
238212000,0,37.4135226,-121.9965596,7.238,0.0,0.0,0.0,0.0,0.0,0,0,0,0
238312000,0,37.4135238,-121.99655969999999,7.245,0.0,0.0,0.0,0.0,0.0,0,0,0,0
238412000,0,37.4135249,-121.9965598,7.242,0.0,0.0,0.0,0.0,0.0,0,0,0,0
238512000,0,37.413525799999995,-121.9965599,7.227,0.0,0.0,0.0,0.0,0.0,0,0,0,0
238612000,0,37.4135267,-121.9965601,7.195,0.0,0.0,0.0,0.0,0.0,0,0,0,0
238712000,0,37.4135275,-121.9965603,7.14,0.0,0.0,0.0,0.0,0.0,0,0,0,0
238812000,0,37.4135282,-121.99656039999999,7.071,0.0,0.0,0.0,0.0,0.0,0,0,0,0
238912000,0,37.4135288,-121.9965606,6.996,0.0,0.0,0.0,0.0,0.0,0,0,0,0
239012000,0,37.4135293,-121.9965608,6.915,0.0,0.0,0.0,0.0,0.0,0,0,0,0
239112000,0,37.4135299,-121.996561,6.835,0.0,0.0,0.0,0.0,0.0,0,0,0,0
239212000,0,37.4135303,-121.99656119999999,6.763,0.0,0.0,0.0,0.0,0.0,0,0,0,0
239312000,0,37.413530699999995,-121.99656139999999,6.696,0.0,0.0,0.0,0.0,0.0,0,0,0,0
239412000,0,37.4135311,-121.99656159999999,6.63,0.0,0.0,0.0,0.0,0.0,0,0,0,0
239512000,0,37.4135314,-121.9965618,6.566,0.0,0.0,0.0,0.0,0.0,0,0,0,0
239612000,0,37.4135317,-121.996562,6.497,0.0,0.0,0.0,0.0,0.0,0,0,0,0
239712000,0,37.413532,-121.9965622,6.432,0.0,0.0,0.0,0.0,0.0,0,0,0,0
239812000,0,37.4135322,-121.99656239999999,6.364,0.0,0.0,0.0,0.0,0.0,0,0,0,0
239912000,0,37.413532499999995,-121.99656259999999,6.293,0.0,0.0,0.0,0.0,0.0,0,0,0,0
240012000,0,37.413532599999996,-121.99656279999999,6.227,0.0,0.0,0.0,0.0,0.0,0,0,0,0
240112000,0,37.4135328,-121.996563,6.155,0.0,0.0,0.0,0.0,0.0,0,0,0,0
240212000,0,37.413533,-121.99656309999999,6.086,0.0,0.0,0.0,0.0,0.0,0,0,0,0
240312000,0,37.413533099999995,-121.99656329999999,6.016,0.0,0.0,0.0,0.0,0.0,0,0,0,0
240412000,0,37.413533199999996,-121.9965634,5.947,0.0,0.0,0.0,0.0,0.0,0,0,0,0
240512000,0,37.4135333,-121.99656359999999,5.88,0.0,0.0,0.0,0.0,0.0,0,0,0,0
240612000,0,37.4135334,-121.9965637,5.807,0.0,0.0,0.0,0.0,0.0,0,0,0,0
240712000,0,37.4135335,-121.99656379999999,5.74,0.0,0.0,0.0,0.0,0.0,0,0,0,0
240812000,0,37.4135335,-121.9965639,5.671,0.0,0.0,0.0,0.0,0.0,0,0,0,0
240912000,0,37.4135336,-121.9965639,5.601,0.0,0.0,0.0,0.0,0.0,0,0,0,0
241012000,0,37.413533699999995,-121.99656399999999,5.529,0.0,0.0,0.0,0.0,0.0,0,0,0,0
241112000,0,37.413533699999995,-121.9965641,5.46,0.0,0.0,0.0,0.0,0.0,0,0,0,0
241212000,0,37.413533799999996,-121.9965641,5.391,0.0,0.0,0.0,0.0,0.0,0,0,0,0
241312000,0,37.413533799999996,-121.9965641,5.325,0.0,0.0,0.0,0.0,0.0,0,0,0,0
241412000,0,37.4135339,-121.9965641,5.256,0.0,0.0,0.0,0.0,0.0,0,0,0,0
241512000,0,37.4135339,-121.9965641,5.187,0.0,0.0,0.0,0.0,0.0,0,0,0,0
241612000,0,37.413534,-121.9965641,5.116,0.0,0.0,0.0,0.0,0.0,0,0,0,0
241712000,0,37.413534,-121.9965641,5.048,0.0,0.0,0.0,0.0,0.0,0,0,0,0
241812000,0,37.4135341,-121.99656399999999,4.982,0.0,0.0,0.0,0.0,0.0,0,0,0,0
241912000,0,37.4135341,-121.99656399999999,4.914,0.0,0.0,0.0,0.0,0.0,0,0,0,0
242012000,0,37.4135342,-121.9965639,4.843,0.0,0.0,0.0,0.0,0.0,0,0,0,0
242112000,0,37.4135342,-121.99656379999999,4.778,0.0,0.0,0.0,0.0,0.0,0,0,0,0
242212000,0,37.4135342,-121.99656379999999,4.71,0.0,0.0,0.0,0.0,0.0,0,0,0,0
242312000,0,37.413534299999995,-121.9965637,4.639,0.0,0.0,0.0,0.0,0.0,0,0,0,0
242412000,0,37.413534299999995,-121.99656359999999,4.574,0.0,0.0,0.0,0.0,0.0,0,0,0,0
242512000,0,37.413534399999996,-121.9965635,4.505,0.0,0.0,0.0,0.0,0.0,0,0,0,0
242612000,0,37.413534399999996,-121.9965635,4.437,0.0,0.0,0.0,0.0,0.0,0,0,0,0
242712000,0,37.413534399999996,-121.9965634,4.368,0.0,0.0,0.0,0.0,0.0,0,0,0,0
242812000,0,37.4135345,-121.99656329999999,4.299,0.0,0.0,0.0,0.0,0.0,0,0,0,0
242912000,0,37.4135345,-121.9965632,4.227,0.0,0.0,0.0,0.0,0.0,0,0,0,0
243012000,0,37.4135345,-121.9965632,4.161,0.0,0.0,0.0,0.0,0.0,0,0,0,0
243112000,0,37.4135346,-121.99656309999999,4.092,0.0,0.0,0.0,0.0,0.0,0,0,0,0
243212000,0,37.4135346,-121.996563,4.021,0.0,0.0,0.0,0.0,0.0,0,0,0,0
243312000,0,37.4135347,-121.9965629,3.955,0.0,0.0,0.0,0.0,0.0,0,0,0,0
243412000,0,37.4135347,-121.9965629,3.886,0.0,0.0,0.0,0.0,0.0,0,0,0,0
243512000,0,37.4135347,-121.99656279999999,3.817,0.0,0.0,0.0,0.0,0.0,0,0,0,0
243612000,0,37.4135348,-121.99656279999999,3.746,0.0,0.0,0.0,0.0,0.0,0,0,0,0
243712000,0,37.4135348,-121.9965627,3.68,0.0,0.0,0.0,0.0,0.0,0,0,0,0
243812000,0,37.4135348,-121.9965627,3.61,0.0,0.0,0.0,0.0,0.0,0,0,0,0
243912000,0,37.4135348,-121.9965627,3.538,0.0,0.0,0.0,0.0,0.0,0,0,0,0
244012000,0,37.413534899999995,-121.99656259999999,3.471,0.0,0.0,0.0,0.0,0.0,0,0,0,0
244112000,0,37.413534899999995,-121.99656259999999,3.399,0.0,0.0,0.0,0.0,0.0,0,0,0,0
244212000,0,37.413534899999995,-121.99656259999999,3.329,0.0,0.0,0.0,0.0,0.0,0,0,0,0
244312000,0,37.413534899999995,-121.99656259999999,3.259,0.0,0.0,0.0,0.0,0.0,0,0,0,0
244412000,0,37.413534999999996,-121.99656259999999,3.192,0.0,0.0,0.0,0.0,0.0,0,0,0,0
244512000,0,37.413534999999996,-121.99656259999999,3.122,0.0,0.0,0.0,0.0,0.0,0,0,0,0
244612000,0,37.413534999999996,-121.99656259999999,3.051,0.0,0.0,0.0,0.0,0.0,0,0,0,0
244712000,0,37.413534999999996,-121.99656259999999,2.978,0.0,0.0,0.0,0.0,0.0,0,0,0,0
244812000,0,37.413534999999996,-121.99656259999999,2.91,0.0,0.0,0.0,0.0,0.0,0,0,0,0
244912000,0,37.413534999999996,-121.99656259999999,2.837,0.0,0.0,0.0,0.0,0.0,0,0,0,0
245012000,0,37.413534999999996,-121.99656259999999,2.766,0.0,0.0,0.0,0.0,0.0,0,0,0,0
245112000,0,37.413534999999996,-121.99656259999999,2.698,0.0,0.0,0.0,0.0,0.0,0,0,0,0
245212000,0,37.413534999999996,-121.99656259999999,2.625,0.0,0.0,0.0,0.0,0.0,0,0,0,0
245312000,0,37.413534999999996,-121.99656259999999,2.554,0.0,0.0,0.0,0.0,0.0,0,0,0,0
245412000,0,37.413534999999996,-121.99656259999999,2.483,0.0,0.0,0.0,0.0,0.0,0,0,0,0
245512000,0,37.413534999999996,-121.99656259999999,2.415,0.0,0.0,0.0,0.0,0.0,0,0,0,0
245612000,0,37.413534999999996,-121.99656259999999,2.344,0.0,0.0,0.0,0.0,0.0,0,0,0,0
245712000,0,37.413534999999996,-121.9965627,2.271,0.0,0.0,0.0,0.0,0.0,0,0,0,0
245812000,0,37.413534999999996,-121.9965627,2.204,0.0,0.0,0.0,0.0,0.0,0,0,0,0
245912000,0,37.413534999999996,-121.9965627,2.134,0.0,0.0,0.0,0.0,0.0,0,0,0,0
246012000,0,37.413534999999996,-121.9965627,2.064,0.0,0.0,0.0,0.0,0.0,0,0,0,0
246112000,0,37.413534999999996,-121.9965627,1.993,0.0,0.0,0.0,0.0,0.0,0,0,0,0
246212000,0,37.413534999999996,-121.9965627,1.92,0.0,0.0,0.0,0.0,0.0,0,0,0,0
246312000,0,37.413534999999996,-121.9965627,1.85,0.0,0.0,0.0,0.0,0.0,0,0,0,0
246412000,0,37.413534899999995,-121.99656279999999,1.783,0.0,0.0,0.0,0.0,0.0,0,0,0,0
246512000,0,37.413534899999995,-121.99656279999999,1.71,0.0,0.0,0.0,0.0,0.0,0,0,0,0
246612000,0,37.413534899999995,-121.99656279999999,1.642,0.0,0.0,0.0,0.0,0.0,0,0,0,0
246712000,0,37.413534899999995,-121.99656279999999,1.572,0.0,0.0,0.0,0.0,0.0,0,0,0,0
246812000,0,37.413534899999995,-121.99656279999999,1.502,0.0,0.0,0.0,0.0,0.0,0,0,0,0
246912000,0,37.4135348,-121.99656279999999,1.431,0.0,0.0,0.0,0.0,0.0,0,0,0,0
247012000,0,37.4135348,-121.99656279999999,1.357,0.0,0.0,0.0,0.0,0.0,0,0,0,0
247112000,0,37.4135348,-121.99656279999999,1.316,0.0,0.0,0.0,0.0,0.0,0,0,0,0
247212000,0,37.4135348,-121.99656279999999,1.316,0.0,0.0,0.0,0.0,0.0,0,0,0,0
247312000,0,37.4135348,-121.99656279999999,1.316,0.0,0.0,0.0,0.0,0.0,0,0,0,0
247412000,0,37.4135348,-121.99656279999999,1.316,0.0,0.0,0.0,0.0,0.0,0,0,0,0
247512000,0,37.4135348,-121.99656279999999,1.316,0.0,0.0,0.0,0.0,0.0,0,0,0,0
247612000,0,37.4135348,-121.99656279999999,1.316,0.0,0.0,0.0,0.0,0.0,0,0,0,0
247712000,0,37.4135348,-121.99656279999999,1.316,0.0,0.0,0.0,0.0,0.0,0,0,0,0
247812000,0,37.4135348,-121.99656279999999,1.317,0.0,0.0,0.0,0.0,0.0,0,0,0,0
247912000,0,37.4135348,-121.99656279999999,1.317,0.0,0.0,0.0,0.0,0.0,0,0,0,0
248012000,0,37.4135348,-121.99656279999999,1.317,0.0,0.0,0.0,0.0,0.0,0,0,0,0
248112000,0,37.4135348,-121.99656279999999,1.317,0.0,0.0,0.0,0.0,0.0,0,0,0,0
248212000,0,37.4135348,-121.99656279999999,1.317,0.0,0.0,0.0,0.0,0.0,0,0,0,0
248312000,0,37.4135348,-121.99656279999999,1.317,0.0,0.0,0.0,0.0,0.0,0,0,0,0
248412000,0,37.4135348,-121.99656279999999,1.317,0.0,0.0,0.0,0.0,0.0,0,0,0,0
248512000,0,37.4135348,-121.99656279999999,1.316,0.0,0.0,0.0,0.0,0.0,0,0,0,0
248612000,0,37.4135348,-121.99656279999999,1.317,0.0,0.0,0.0,0.0,0.0,0,0,0,0
248712000,0,37.4135348,-121.99656279999999,1.317,0.0,0.0,0.0,0.0,0.0,0,0,0,0
248812000,0,37.4135348,-121.99656279999999,1.317,0.0,0.0,0.0,0.0,0.0,0,0,0,0
248912000,0,37.4135348,-121.99656279999999,1.317,0.0,0.0,0.0,0.0,0.0,0,0,0,0
249012000,0,37.4135348,-121.99656279999999,1.317,0.0,0.0,0.0,0.0,0.0,0,0,0,0
249112000,0,37.4135348,-121.99656279999999,1.317,0.0,0.0,0.0,0.0,0.0,0,0,0,0
249212000,0,37.4135348,-121.99656279999999,1.317,0.0,0.0,0.0,0.0,0.0,0,0,0,0
249312000,0,37.4135348,-121.99656279999999,1.317,0.0,0.0,0.0,0.0,0.0,0,0,0,0
249412000,0,37.4135348,-121.99656279999999,1.317,0.0,0.0,0.0,0.0,0.0,0,0,0,0
249512000,0,37.4135348,-121.99656279999999,1.316,0.0,0.0,0.0,0.0,0.0,0,0,0,0
249612000,0,37.4135348,-121.99656279999999,1.316,0.0,0.0,0.0,0.0,0.0,0,0,0,0
249712000,0,37.4135348,-121.99656279999999,1.316,0.0,0.0,0.0,0.0,0.0,0,0,0,0
249812000,0,37.4135348,-121.99656279999999,1.317,0.0,0.0,0.0,0.0,0.0,0,0,0,0
249912000,0,37.4135348,-121.99656279999999,1.317,0.0,0.0,0.0,0.0,0.0,0,0,0,0
250012000,0,37.4135348,-121.99656279999999,1.317,0.0,0.0,0.0,0.0,0.0,0,0,0,0
250112000,0,37.4135348,-121.99656279999999,1.317,0.0,0.0,0.0,0.0,0.0,0,0,0,0
250212000,0,37.4135348,-121.99656279999999,1.317,0.0,0.0,0.0,0.0,0.0,0,0,0,0
250312000,0,37.4135348,-121.99656279999999,1.317,0.0,0.0,0.0,0.0,0.0,0,0,0,0
250412000,0,37.4135348,-121.99656279999999,1.317,0.0,0.0,0.0,0.0,0.0,0,0,0,0
250512000,0,37.4135348,-121.99656279999999,1.317,0.0,0.0,0.0,0.0,0.0,0,0,0,0
250612000,0,37.4135348,-121.99656279999999,1.316,0.0,0.0,0.0,0.0,0.0,0,0,0,0
250712000,0,37.4135348,-121.99656279999999,1.316,0.0,0.0,0.0,0.0,0.0,0,0,0,0
250812000,0,37.4135348,-121.99656279999999,1.317,0.0,0.0,0.0,0.0,0.0,0,0,0,0
250912000,0,37.4135348,-121.99656279999999,1.317,0.0,0.0,0.0,0.0,0.0,0,0,0,0
251012000,0,37.4135348,-121.99656279999999,1.317,0.0,0.0,0.0,0.0,0.0,0,0,0,0
251112000,0,37.4135348,-121.99656279999999,1.317,0.0,0.0,0.0,0.0,0.0,0,0,0,0
251212000,0,37.4135348,-121.99656279999999,1.317,0.0,0.0,0.0,0.0,0.0,0,0,0,0
251312000,0,37.4135348,-121.99656279999999,1.317,0.0,0.0,0.0,0.0,0.0,0,0,0,0
251412000,0,37.4135348,-121.99656279999999,1.317,0.0,0.0,0.0,0.0,0.0,0,0,0,0
251512000,0,37.4135348,-121.99656279999999,1.317,0.0,0.0,0.0,0.0,0.0,0,0,0,0
251612000,0,37.4135348,-121.99656279999999,1.317,0.0,0.0,0.0,0.0,0.0,0,0,0,0
251712000,0,37.4135348,-121.99656279999999,1.316,0.0,0.0,0.0,0.0,0.0,0,0,0,0
251812000,0,37.4135348,-121.99656279999999,1.317,0.0,0.0,0.0,0.0,0.0,0,0,0,0
251912000,0,37.4135348,-121.99656279999999,1.317,0.0,0.0,0.0,0.0,0.0,0,0,0,0
252012000,0,37.4135348,-121.99656279999999,1.317,0.0,0.0,0.0,0.0,0.0,0,0,0,0
252112000,0,37.4135348,-121.99656279999999,1.317,0.0,0.0,0.0,0.0,0.0,0,0,0,0
252212000,0,37.4135348,-121.99656279999999,1.317,0.0,0.0,0.0,0.0,0.0,0,0,0,0
252312000,0,37.4135348,-121.99656279999999,1.317,0.0,0.0,0.0,0.0,0.0,0,0,0,0
252412000,0,37.4135348,-121.99656279999999,1.317,0.0,0.0,0.0,0.0,0.0,0,0,0,0
252512000,0,37.4135348,-121.99656279999999,1.317,0.0,0.0,0.0,0.0,0.0,0,0,0,0
252612000,0,37.4135348,-121.99656279999999,1.317,0.0,0.0,0.0,0.0,0.0,0,0,0,0
252712000,0,37.4135348,-121.99656279999999,1.316,0.0,0.0,0.0,0.0,0.0,0,0,0,0
252812000,0,37.4135348,-121.99656279999999,1.316,0.0,0.0,0.0,0.0,0.0,0,0,0,0
252912000,0,37.4135348,-121.99656279999999,1.317,0.0,0.0,0.0,0.0,0.0,0,0,0,0
253012000,0,37.4135348,-121.99656279999999,1.317,0.0,0.0,0.0,0.0,0.0,0,0,0,0
253112000,0,37.4135348,-121.99656279999999,1.317,0.0,0.0,0.0,0.0,0.0,0,0,0,0
253212000,0,37.4135348,-121.99656279999999,1.317,0.0,0.0,0.0,0.0,0.0,0,0,0,0
253312000,0,37.4135348,-121.99656279999999,1.317,0.0,0.0,0.0,0.0,0.0,0,0,0,0
253412000,0,37.4135348,-121.99656279999999,1.317,0.0,0.0,0.0,0.0,0.0,0,0,0,0
253512000,0,37.4135348,-121.99656279999999,1.317,0.0,0.0,0.0,0.0,0.0,0,0,0,0
253612000,0,37.4135348,-121.99656279999999,1.317,0.0,0.0,0.0,0.0,0.0,0,0,0,0
253712000,0,37.4135348,-121.99656279999999,1.316,0.0,0.0,0.0,0.0,0.0,0,0,0,0
253812000,0,37.4135348,-121.99656279999999,1.316,0.0,0.0,0.0,0.0,0.0,0,0,0,0
253912000,0,37.4135348,-121.99656279999999,1.316,0.0,0.0,0.0,0.0,0.0,0,0,0,0
254012000,0,37.4135348,-121.99656279999999,1.317,0.0,0.0,0.0,0.0,0.0,0,0,0,0
254112000,0,37.4135348,-121.99656279999999,1.317,0.0,0.0,0.0,0.0,0.0,0,0,0,0
254212000,0,37.4135348,-121.99656279999999,1.317,0.0,0.0,0.0,0.0,0.0,0,0,0,0
254312000,0,37.4135348,-121.99656279999999,1.317,0.0,0.0,0.0,0.0,0.0,0,0,0,0
254412000,0,37.4135348,-121.99656279999999,1.317,0.0,0.0,0.0,0.0,0.0,0,0,0,0
254512000,0,37.4135348,-121.99656279999999,1.317,0.0,0.0,0.0,0.0,0.0,0,0,0,0
254612000,0,37.4135348,-121.99656279999999,1.317,0.0,0.0,0.0,0.0,0.0,0,0,0,0
254712000,0,37.4135348,-121.99656279999999,1.317,0.0,0.0,0.0,0.0,0.0,0,0,0,0
254812000,0,37.4135348,-121.99656279999999,1.316,0.0,0.0,0.0,0.0,0.0,0,0,0,0
254912000,0,37.4135348,-121.99656279999999,1.316,0.0,0.0,0.0,0.0,0.0,0,0,0,0
255012000,0,37.4135348,-121.99656279999999,1.317,0.0,0.0,0.0,0.0,0.0,0,0,0,0
255112000,0,37.4135348,-121.99656279999999,1.317,0.0,0.0,0.0,0.0,0.0,0,0,0,0
255212000,0,37.4135348,-121.99656279999999,1.317,0.0,0.0,0.0,0.0,0.0,0,0,0,0
255312000,0,37.4135348,-121.99656279999999,1.317,0.0,0.0,0.0,0.0,0.0,0,0,0,0
255412000,0,37.4135348,-121.99656279999999,1.317,0.0,0.0,0.0,0.0,0.0,0,0,0,0
255512000,0,37.4135348,-121.99656279999999,1.317,0.0,0.0,0.0,0.0,0.0,0,0,0,0
255612000,0,37.4135348,-121.99656279999999,1.317,0.0,0.0,0.0,0.0,0.0,0,0,0,0
255712000,0,37.4135348,-121.99656279999999,1.317,0.0,0.0,0.0,0.0,0.0,0,0,0,0
255812000,0,37.4135348,-121.99656279999999,1.316,0.0,0.0,0.0,0.0,0.0,0,0,0,0
255912000,0,37.4135348,-121.99656279999999,1.316,0.0,0.0,0.0,0.0,0.0,0,0,0,0
256012000,0,37.4135348,-121.99656279999999,1.316,0.0,0.0,0.0,0.0,0.0,0,0,0,0
256112000,0,37.4135348,-121.99656279999999,1.317,0.0,0.0,0.0,0.0,0.0,0,0,0,0
256212000,0,37.4135348,-121.99656279999999,1.317,0.0,0.0,0.0,0.0,0.0,0,0,0,0
256312000,0,37.4135348,-121.99656279999999,1.317,0.0,0.0,0.0,0.0,0.0,0,0,0,0
256412000,0,37.4135348,-121.99656279999999,1.317,0.0,0.0,0.0,0.0,0.0,0,0,0,0
256512000,0,37.4135348,-121.99656279999999,1.317,0.0,0.0,0.0,0.0,0.0,0,0,0,0
256612000,0,37.4135348,-121.99656279999999,1.317,0.0,0.0,0.0,0.0,0.0,0,0,0,0
256712000,0,37.4135348,-121.99656279999999,1.317,0.0,0.0,0.0,0.0,0.0,0,0,0,0
256812000,0,37.4135348,-121.99656279999999,1.317,0.0,0.0,0.0,0.0,0.0,0,0,0,0
256912000,0,37.4135348,-121.99656279999999,1.316,0.0,0.0,0.0,0.0,0.0,0,0,0,0
257012000,0,37.4135348,-121.99656279999999,1.316,0.0,0.0,0.0,0.0,0.0,0,0,0,0
257112000,0,37.4135348,-121.99656279999999,1.317,0.0,0.0,0.0,0.0,0.0,0,0,0,0
257212000,0,37.4135348,-121.99656279999999,1.317,0.0,0.0,0.0,0.0,0.0,0,0,0,0
257312000,0,37.4135348,-121.99656279999999,1.317,0.0,0.0,0.0,0.0,0.0,0,0,0,0
257412000,0,37.4135348,-121.99656279999999,1.317,0.0,0.0,0.0,0.0,0.0,0,0,0,0
257512000,0,37.4135348,-121.99656279999999,1.317,0.0,0.0,0.0,0.0,0.0,0,0,0,0
257612000,0,37.4135348,-121.99656279999999,1.317,0.0,0.0,0.0,0.0,0.0,0,0,0,0
257712000,0,37.4135348,-121.99656279999999,1.317,0.0,0.0,0.0,0.0,0.0,0,0,0,0
257812000,0,37.4135348,-121.99656279999999,1.317,0.0,0.0,0.0,0.0,0.0,0,0,0,0
257912000,0,37.4135348,-121.99656279999999,1.316,0.0,0.0,0.0,0.0,0.0,0,0,0,0
258012000,0,37.4135348,-121.99656279999999,1.316,0.0,0.0,0.0,0.0,0.0,0,0,0,0
258112000,0,37.4135348,-121.99656279999999,1.316,0.0,0.0,0.0,0.0,0.0,0,0,0,0
258212000,0,37.4135348,-121.99656279999999,1.317,0.0,0.0,0.0,0.0,0.0,0,0,0,0
258312000,0,37.4135348,-121.99656279999999,1.317,0.0,0.0,0.0,0.0,0.0,0,0,0,0
258412000,0,37.4135348,-121.99656279999999,1.317,0.0,0.0,0.0,0.0,0.0,0,0,0,0
258512000,0,37.4135348,-121.99656279999999,1.317,0.0,0.0,0.0,0.0,0.0,0,0,0,0
258612000,0,37.4135348,-121.99656279999999,1.317,0.0,0.0,0.0,0.0,0.0,0,0,0,0
258712000,0,37.4135348,-121.99656279999999,1.317,0.0,0.0,0.0,0.0,0.0,0,0,0,0
258812000,0,37.4135348,-121.99656279999999,1.317,0.0,0.0,0.0,0.0,0.0,0,0,0,0
258912000,0,37.4135348,-121.99656279999999,1.317,0.0,0.0,0.0,0.0,0.0,0,0,0,0
259012000,0,37.4135348,-121.99656279999999,1.316,0.0,0.0,0.0,0.0,0.0,0,0,0,0
259112000,0,37.4135348,-121.99656279999999,1.316,0.0,0.0,0.0,0.0,0.0,0,0,0,0
259212000,0,37.4135348,-121.99656279999999,1.317,0.0,0.0,0.0,0.0,0.0,0,0,0,0
259312000,0,37.4135348,-121.99656279999999,1.317,0.0,0.0,0.0,0.0,0.0,0,0,0,0
